ComputerID,CircuitWidth,CircuitDepth,CircuitNumU1Gates,CircuitNumU2Gates,CircuitNumU3Gates,CircuitNumCXGates,TotalUpDnErr25,TotalUpDnErr50,TotalUpDnErr75,StateHammingWeight,StateUpProb25,StateUpProb50,StateUpProb75,StateUpDnErr25,StateUpDnErr50,StateUpDnErr75,StateRealProb,StatePredPrT1,StatePredPrT2,StatePredPrT3
4,5,6,2,0,2,5,6,7,11,1,1,2,3,1,1,1,0,0,0,0
3,2,6,2,1,1,2,7,10,19,0,41,42,45,-19,-10,-7,50,50,49,0
1,4,2,1,0,3,0,7,9,9,1,3,4,4,0,1,1,2,0,3,0
2,5,2,2,0,2,0,4,5,5,1,21,23,23,1,1,2,25,25,25,0
3,4,30,6,5,4,23,10,23,25,2,1,2,2,0,0,0,0,0,0,0
0,3,8,1,2,5,3,2,2,3,1,7,7,8,0,0,0,5,7,7,0
2,5,32,8,5,11,27,4,4,4,3,1,1,1,0,0,0,0,0,0,0
2,5,55,15,1,5,68,3,4,4,1,6,6,7,0,0,0,0,49,49,0
2,5,15,3,4,3,14,4,4,5,3,0,0,1,0,0,0,0,0,0,0
3,4,35,5,4,7,27,47,48,49,2,4,4,5,0,0,0,0,0,0,0
3,5,8,4,2,5,5,12,13,15,3,7,7,8,0,0,0,8,7,8,0
3,4,6,0,4,6,5,14,15,16,2,5,6,6,0,0,0,6,0,0,0
1,5,20,3,5,9,18,9,10,11,4,3,4,4,0,0,0,3,6,3,0
3,3,7,1,1,4,3,6,8,9,1,1,1,2,0,0,0,0,0,0,0
4,5,36,6,5,7,31,76,78,79,2,0,0,0,1,1,1,0,0,0,0
0,5,40,11,2,1,46,9,9,10,2,2,2,3,0,0,0,0,0,0,0
3,5,62,12,3,4,62,89,90,90,3,3,3,3,1,1,2,0,0,5,0
3,5,4,2,1,1,2,9,9,10,3,0,0,1,0,0,0,0,0,0,0
3,5,20,6,1,2,22,50,52,54,2,0,0,1,2,3,3,0,0,0,0
3,5,24,7,2,5,23,44,46,48,2,1,1,1,0,0,0,0,0,0,0
3,4,7,5,1,0,3,10,11,12,3,0,0,1,0,0,0,0,0,0,0
1,5,9,3,2,6,5,10,12,13,1,4,4,4,3,3,3,2,0,6,0
1,5,26,4,3,3,26,77,78,79,4,0,0,0,1,2,2,0,0,0,0
4,4,28,4,4,8,19,32,33,35,3,0,1,1,1,1,1,0,0,0,0
4,5,6,4,0,1,2,7,8,13,1,0,0,0,1,2,3,0,0,0,0
0,5,17,5,5,2,15,2,3,3,3,0,0,1,0,0,0,0,0,0,0
4,4,4,0,0,2,3,8,10,12,0,2,2,3,-12,-10,-8,0,0,0,0
0,4,29,9,5,1,22,1,1,2,2,3,3,3,0,0,0,0,0,0,0
3,5,22,3,6,14,22,11,13,13,1,0,1,1,1,1,2,0,0,0,0
4,4,4,0,4,1,1,5,8,19,3,0,0,1,0,0,0,0,0,0,0
2,4,2,0,2,2,0,3,4,4,3,7,7,8,0,0,0,8,8,8,0
4,3,11,1,2,6,5,3,3,5,0,86,88,88,-5,-3,-3,97,100,100,0
0,5,20,2,3,13,11,2,2,2,3,0,0,1,0,0,0,0,0,0,0
1,5,31,7,7,10,31,60,61,61,3,1,2,2,0,0,0,0,0,0,0
1,3,11,2,2,5,5,3,4,4,3,9,10,11,0,0,0,12,10,10,0
3,3,2,0,0,1,1,4,5,5,2,7,8,8,0,0,0,0,8,0,0
2,5,23,5,2,2,25,4,4,5,3,0,1,1,0,0,0,0,0,0,0
1,1,2,0,0,1,0,0,1,1,0,38,40,41,-1,-1,0,38,37,41,0
0,5,46,10,9,9,41,74,75,76,4,1,1,1,0,0,0,0,0,0,0
3,5,34,13,4,2,38,10,11,24,1,4,4,5,0,0,0,0,0,0,0
3,5,27,7,8,7,23,31,32,34,2,0,0,1,0,0,0,0,0,0,0
4,4,5,2,1,1,2,6,7,9,2,0,1,1,0,0,0,0,0,0,0
1,4,34,5,5,0,30,11,12,12,2,2,2,3,0,0,0,0,0,0,0
1,2,8,0,2,6,3,2,2,3,1,14,15,15,0,1,1,8,17,0,0
1,5,33,7,7,5,27,15,16,16,4,1,1,1,0,0,0,0,0,0,0
3,5,6,2,1,3,2,34,35,38,2,1,1,1,0,0,0,0,0,0,0
3,4,4,2,0,0,4,7,7,9,1,4,4,4,1,2,2,0,0,0,0
4,5,36,6,5,7,31,76,78,79,4,0,0,0,0,1,1,0,0,0,0
2,1,3,0,0,1,0,0,0,0,0,92,92,93,0,0,0,92,93,93,0
1,5,32,6,4,5,34,11,11,12,1,23,24,25,3,3,4,43,50,24,0
4,5,11,2,3,5,7,6,7,9,3,19,19,20,0,0,0,28,26,0,0
1,4,32,10,1,3,27,6,6,7,1,20,21,21,0,0,1,29,20,20,0
0,1,2,0,0,1,0,0,0,0,0,42,43,44,0,0,0,38,39,44,0
3,5,9,1,5,4,6,44,48,50,1,3,4,4,1,1,1,0,0,0,0
1,5,30,8,2,3,28,33,35,39,3,0,0,0,1,1,2,0,0,0,0
0,4,35,6,6,8,26,1,2,2,1,0,1,1,0,0,0,0,0,0,0
2,4,7,1,1,1,6,2,3,3,0,7,7,8,-3,-3,-2,0,8,0,0
0,4,33,2,8,1,29,32,34,35,2,24,26,27,1,1,1,20,20,39,0
4,5,10,3,5,9,8,8,8,9,2,2,2,3,0,0,0,0,0,0,0
3,5,34,11,0,3,31,56,58,63,2,4,4,4,1,1,1,0,0,0,0
1,4,28,6,5,6,19,6,8,10,1,1,1,1,1,2,2,0,0,0,0
3,5,6,4,3,0,4,13,15,18,3,1,1,2,0,0,0,0,0,0,0
4,4,8,2,2,6,4,10,10,12,0,0,0,0,-12,-10,-10,0,0,0,0
4,4,15,2,3,4,10,31,32,41,3,2,2,2,0,0,0,0,0,0,0
2,4,21,3,3,9,13,2,3,3,2,6,6,8,0,0,0,5,13,6,0
2,4,25,1,5,4,20,2,3,3,2,0,1,1,0,0,0,0,0,0,0
3,4,2,2,0,2,0,10,11,19,1,4,4,4,2,2,2,0,0,0,0
4,5,40,9,4,8,38,86,87,87,4,1,1,1,0,0,1,1,0,1,0
4,5,36,6,5,7,31,76,78,79,3,0,0,0,5,5,6,0,0,0,0
1,2,6,0,2,4,2,2,2,3,2,0,1,1,0,0,0,0,0,0,0
3,5,26,8,2,7,22,11,13,19,2,1,1,1,0,0,0,0,0,0,0
0,4,2,2,1,0,0,2,2,3,1,46,47,47,0,0,0,49,49,50,0
2,4,19,3,6,1,15,3,3,3,1,1,1,1,1,1,1,0,0,0,0
1,5,43,8,1,9,46,51,52,54,4,0,1,1,0,0,0,0,0,0,0
0,5,24,5,5,8,18,59,61,62,2,14,14,14,2,2,2,15,12,0,0
2,4,22,2,2,3,18,2,3,3,2,10,11,12,0,0,0,10,10,10,0
1,5,43,8,1,9,46,51,52,54,3,0,0,0,0,1,1,0,0,0,0
2,5,40,6,9,8,35,84,85,85,3,1,2,2,0,0,0,0,0,0,0
4,4,6,1,4,1,3,4,5,6,2,0,1,1,0,0,0,0,0,0,0
1,2,6,4,0,0,2,2,2,3,1,2,2,2,1,1,2,0,0,0,0
4,4,20,6,0,3,16,41,43,49,3,0,0,0,1,2,2,0,0,0,0
2,5,11,3,2,5,7,9,12,13,1,1,1,1,0,0,0,0,0,0,0
4,4,28,4,4,8,19,32,33,35,1,2,2,3,1,1,1,0,0,0,0
2,3,6,2,1,2,3,2,2,3,1,0,0,1,1,1,1,0,0,0,0
1,3,8,0,0,9,3,3,4,4,0,66,67,67,-4,-4,-3,76,75,82,0
1,5,49,13,4,11,57,67,68,69,1,3,4,4,2,2,3,0,23,0,0
4,4,34,6,2,2,30,10,11,11,3,2,3,3,0,0,0,0,0,0,0
4,2,6,0,2,4,2,4,5,6,1,1,1,2,1,1,1,0,0,0,0
4,5,6,2,0,2,5,6,7,11,1,0,1,2,0,1,2,0,0,0,0
0,5,28,6,4,3,27,31,33,34,3,1,1,2,0,0,0,0,0,0,0
3,3,17,5,2,4,9,33,34,36,2,10,11,11,5,5,6,16,18,0,0
4,5,22,5,4,5,22,56,57,60,2,0,0,1,2,2,2,0,0,0,0
0,1,2,0,0,1,0,0,0,0,1,1,1,1,0,0,0,1,0,0,0
1,5,26,4,3,3,26,77,78,79,1,0,0,0,2,2,2,0,0,0,0
3,2,4,0,4,0,1,7,8,9,0,71,72,74,-9,-8,-7,100,100,100,0
4,3,6,0,2,5,2,3,3,4,0,24,25,26,-4,-3,-3,20,23,23,0
3,5,27,7,8,7,23,31,32,34,4,2,3,3,0,0,0,2,0,0,0
4,5,33,5,12,9,38,71,72,74,3,0,0,0,1,1,1,0,0,0,0
3,4,24,7,3,1,18,58,60,61,0,5,5,6,-61,-60,-58,0,0,0,0
4,5,11,5,2,3,8,18,20,25,2,2,3,3,0,0,0,1,0,2,0
4,5,5,1,5,1,3,9,10,11,2,2,2,3,0,0,0,3,0,3,0
1,5,28,7,5,9,22,49,51,51,3,0,0,1,0,0,0,0,0,0,0
0,3,15,3,3,7,7,11,11,16,0,5,5,6,-16,-11,-11,0,0,0,0
3,5,26,8,2,7,22,11,13,19,2,0,1,1,0,0,2,0,0,0,0
3,5,8,6,2,3,4,9,10,12,1,1,2,2,1,1,2,0,0,0,0
3,4,6,2,3,3,3,9,9,11,1,2,2,2,1,2,2,0,0,0,0
0,3,8,0,3,5,3,1,1,1,1,26,26,27,0,0,0,28,25,24,0
2,5,9,2,1,6,9,4,5,5,1,2,2,2,0,0,0,2,0,0,0
1,3,18,1,4,5,13,3,4,4,1,7,8,8,1,1,1,8,8,25,0
2,5,38,6,9,5,36,82,84,85,2,0,0,0,0,0,1,0,0,0,0
0,5,46,10,9,9,41,74,75,76,2,2,3,3,0,0,0,0,0,0,0
3,5,10,1,6,9,6,10,11,13,1,6,6,7,2,2,2,4,0,0,0
1,5,35,8,8,6,31,10,11,12,2,0,0,1,0,0,0,0,0,0,0
4,3,7,3,0,2,3,3,4,4,0,83,84,84,-4,-4,-3,84,98,100,0
2,5,8,2,3,11,6,4,4,5,2,8,9,9,0,0,0,12,13,13,0
3,5,27,7,8,7,23,31,32,34,3,3,4,4,0,0,0,5,12,0,0
1,5,6,4,3,4,4,10,11,13,2,0,0,1,0,0,0,0,0,0,0
1,2,6,1,3,2,2,2,3,3,1,1,1,1,0,1,1,0,0,0,0
4,5,40,9,4,8,38,86,87,87,3,0,1,1,0,0,0,0,0,1,0
4,5,38,6,4,3,40,37,38,39,3,0,0,1,0,0,0,0,0,0,0
3,3,17,5,2,4,9,33,34,36,1,4,4,4,0,1,1,0,0,0,0
1,5,9,3,2,6,5,10,12,13,1,0,0,0,0,0,1,0,0,0,0
1,5,49,13,4,11,57,67,68,69,3,0,0,1,1,2,2,0,0,0,0
0,4,32,8,0,2,30,2,2,3,3,1,1,1,0,0,0,0,0,0,0
2,4,24,3,6,10,14,3,3,3,3,1,1,1,0,0,0,0,0,0,0
2,5,33,10,7,10,28,26,28,30,2,0,0,0,1,2,2,0,0,0,0
4,5,29,7,5,5,28,62,63,64,2,0,1,2,1,1,1,0,0,0,0
2,3,2,1,1,1,0,2,2,2,0,8,9,9,-2,-2,-2,6,8,2,0
4,5,35,9,3,2,34,5,6,6,0,5,5,5,-6,-6,-5,0,0,0,0
3,1,2,0,0,1,0,2,5,6,0,89,91,92,-6,-5,-2,94,95,94,0
3,2,4,2,0,2,1,15,15,18,0,65,67,68,-18,-15,-15,80,100,100,0
1,5,4,2,0,1,3,9,9,10,0,4,4,5,-10,-9,-9,0,0,0,0
2,4,32,5,3,3,28,3,3,4,3,0,1,1,0,0,0,0,0,0,0
1,4,35,7,6,4,26,64,66,67,2,4,4,5,1,2,2,0,0,0,0
4,5,20,1,7,8,16,25,25,26,2,0,0,1,0,0,0,0,0,0,0
3,5,31,4,8,7,27,76,77,78,2,0,0,0,2,2,3,0,0,0,0
4,4,20,6,0,3,16,41,43,49,2,0,0,1,0,0,0,0,0,0,0
3,5,22,2,7,5,20,92,93,94,1,0,1,1,1,1,1,0,0,0,0
2,5,52,10,10,9,50,4,4,5,1,2,2,3,0,0,0,0,0,0,0
1,4,28,6,5,6,19,6,8,10,2,3,3,3,0,0,0,0,0,0,0
3,4,7,5,1,0,3,10,11,12,0,41,42,43,-12,-11,-10,50,50,50,0
3,2,5,0,0,2,3,11,12,17,1,15,16,17,2,2,3,10,24,18,0
1,5,4,2,2,0,1,10,11,12,1,2,2,2,2,2,3,0,0,0,0
3,2,6,3,0,0,2,14,23,25,2,2,11,12,3,9,11,0,0,0,0
3,4,29,5,0,4,27,8,8,10,1,8,9,10,1,2,2,0,24,0,0
3,5,62,12,3,4,62,89,90,90,1,3,3,3,4,5,6,0,0,5,0
4,5,39,8,7,1,38,7,8,8,2,8,9,9,0,0,0,0,25,0,0
2,5,38,9,2,7,41,3,3,4,2,29,31,33,0,0,0,66,41,86,0
4,3,8,3,0,4,3,3,3,4,0,6,6,7,-4,-3,-3,3,7,0,0
1,5,9,3,1,7,6,12,13,13,2,4,5,6,0,0,0,6,6,6,0
2,5,11,7,0,3,6,10,10,12,2,24,25,26,0,0,0,27,50,50,0
3,4,10,7,0,0,5,7,8,9,0,74,74,75,-9,-8,-7,100,100,95,0
2,5,35,8,5,10,32,93,94,94,0,9,9,9,-94,-94,-93,10,12,11,0
2,2,6,0,2,4,2,4,4,4,0,95,95,96,-4,-4,-4,100,100,100,0
1,4,9,2,0,4,5,9,10,11,1,0,0,1,0,0,1,0,0,0,0
0,2,6,0,2,1,2,2,3,3,0,11,12,12,-3,-3,-2,15,11,0,0
4,5,29,7,5,5,28,62,63,64,2,3,3,4,0,0,0,0,0,1,0
4,5,8,5,2,2,5,6,7,8,2,1,2,2,0,0,0,0,0,0,0
1,3,8,2,1,2,5,3,3,4,2,7,8,9,0,0,0,10,8,6,0
2,5,32,7,2,10,30,4,4,4,4,1,1,1,0,0,0,0,0,0,0
1,4,5,2,0,2,5,5,6,6,1,1,1,1,1,1,2,0,0,0,0
0,4,4,0,3,3,1,2,2,2,2,21,22,23,0,0,0,24,24,24,0
4,2,8,1,2,3,2,2,3,3,0,22,23,24,-3,-3,-2,24,25,21,0
3,3,18,1,4,8,10,5,7,8,2,12,13,14,0,0,0,17,19,19,0
1,3,6,0,3,4,2,2,3,4,2,0,0,1,0,0,0,0,0,0,0
0,5,22,8,1,2,19,40,41,42,2,17,18,18,0,0,0,17,49,30,0
2,5,6,3,0,1,3,3,4,4,0,50,51,54,-4,-4,-3,70,50,79,0
3,5,28,9,5,6,26,57,58,59,3,4,5,5,0,0,0,0,0,0,0
1,1,2,0,0,1,0,0,0,1,0,11,13,14,-1,0,0,8,11,0,0
2,4,5,4,1,0,4,2,3,3,2,0,1,1,0,0,0,0,0,0,0
0,5,22,8,1,2,19,40,41,42,2,0,0,0,0,1,1,0,0,0,0
1,2,6,0,2,4,2,2,2,2,0,6,6,7,-2,-2,-2,5,7,0,0
4,4,9,2,4,2,5,8,9,12,2,0,1,1,0,0,0,0,0,10,0
2,3,24,4,3,6,16,15,16,17,3,0,0,1,0,0,0,0,0,0,0
3,4,22,2,7,12,12,7,8,13,3,7,7,8,0,0,0,10,0,0,0
0,5,22,8,1,2,19,40,41,42,2,0,0,0,0,1,1,0,0,0,0
4,4,12,6,2,1,10,5,6,9,2,37,40,41,0,0,0,49,49,49,0
3,4,2,2,0,2,0,12,16,17,2,2,2,2,0,1,1,0,0,2,0
4,2,6,0,2,3,2,2,3,4,1,1,1,2,0,1,2,0,0,0,0
0,5,21,7,3,0,18,2,2,3,2,2,2,2,0,0,0,0,0,0,0
2,4,10,2,2,5,4,3,3,3,2,1,1,1,0,0,0,0,0,0,0
1,4,37,9,0,6,32,6,7,7,1,1,1,1,2,2,2,0,0,0,0
0,5,8,1,8,4,7,4,5,6,2,0,1,1,0,0,0,0,0,0,0
4,3,12,2,4,6,5,23,25,26,2,0,1,1,0,0,0,0,0,0,0
1,5,38,2,11,13,30,61,62,63,3,4,4,4,1,1,2,2,9,9,0
1,5,23,5,5,4,22,10,12,13,3,1,1,1,0,0,0,0,0,0,0
3,5,6,3,0,1,5,30,32,33,2,7,8,9,4,4,5,0,0,0,0
1,5,10,1,4,10,6,15,16,19,3,2,2,3,0,0,0,0,0,0,0
4,4,4,0,2,0,4,4,4,6,1,1,2,2,1,1,1,0,0,0,0
0,4,7,2,1,4,3,2,2,2,2,22,22,24,0,0,0,25,24,24,0
2,5,35,8,5,10,32,93,94,94,2,0,0,0,1,1,1,0,0,0,0
4,3,5,3,0,0,2,4,5,5,1,1,1,2,0,1,1,0,0,0,0
0,2,6,0,2,4,2,1,1,1,1,1,1,1,0,0,0,0,0,0,0
3,4,22,5,3,8,15,47,49,53,1,2,3,3,1,1,2,0,0,0,0
2,4,9,2,1,6,6,3,3,4,3,1,1,1,0,0,0,0,0,0,0
4,5,24,1,3,13,25,5,6,6,1,2,2,2,1,1,1,0,0,0,0
4,4,5,2,1,1,2,6,7,9,1,0,0,1,1,1,1,0,0,0,0
4,3,4,1,0,1,2,3,4,4,1,20,21,22,1,1,1,19,25,25,0
3,5,6,2,0,4,5,23,23,24,0,1,1,1,-24,-23,-23,0,0,0,0
4,3,12,1,3,8,5,4,5,6,2,28,30,30,0,0,0,50,48,32,0
2,4,15,7,0,1,10,6,6,7,1,0,1,1,0,0,1,0,0,0,0
2,4,31,9,3,4,25,3,3,3,1,1,1,1,0,0,0,0,0,0,0
3,3,10,0,6,2,4,5,5,5,0,26,28,29,-5,-5,-5,31,25,23,0
4,3,8,4,1,0,4,5,7,10,1,37,38,38,1,1,2,49,50,49,0
0,1,4,0,0,1,0,0,1,1,0,1,2,2,-1,-1,0,0,0,0,0
2,4,5,4,1,0,4,2,3,3,1,0,1,1,0,0,1,0,0,0,0
1,5,28,7,5,9,22,49,51,51,5,9,9,10,0,0,0,11,27,27,0
1,4,20,6,2,2,15,21,22,23,1,0,1,1,4,4,5,0,0,0,0
4,5,6,3,2,1,3,5,6,6,2,0,0,1,0,0,0,0,0,0,0
3,4,2,2,0,0,1,8,10,12,1,0,1,1,0,1,1,0,0,0,0
4,5,6,4,0,1,2,7,8,13,2,0,0,1,0,0,0,0,0,0,0
4,5,33,5,12,9,38,71,72,74,3,0,0,0,1,1,1,0,0,0,0
1,5,63,11,16,14,62,93,94,95,2,3,4,4,2,2,2,0,23,1,0
1,5,9,3,2,6,5,10,12,13,1,0,0,0,0,0,1,0,0,0,0
3,2,6,3,0,1,2,9,13,15,1,5,5,5,2,3,4,0,0,0,0
0,5,35,6,7,8,34,68,68,70,2,1,1,1,1,1,1,0,0,0,0
2,2,4,0,2,2,1,1,1,1,1,5,6,6,0,0,1,5,7,0,0
0,5,28,6,7,2,27,48,49,51,2,1,1,1,0,1,1,0,0,0,0
0,4,26,6,1,10,16,2,2,2,4,2,2,2,0,0,0,0,0,0,0
3,4,6,3,0,2,2,18,19,20,3,1,1,2,0,0,0,0,0,0,0
0,3,13,4,3,3,7,1,1,2,0,0,0,0,-2,-1,-1,0,0,0,0
4,5,44,6,4,8,44,58,60,62,1,1,2,2,2,3,3,0,0,0,0
2,5,16,4,6,6,13,5,6,6,1,3,3,3,0,1,1,0,0,0,0
2,5,55,15,1,5,68,3,4,4,2,1,1,2,0,0,0,0,0,0,0
3,5,10,1,6,9,6,10,11,13,1,0,0,1,0,0,0,0,0,0,0
2,5,35,8,5,10,32,93,94,94,3,1,1,1,0,0,0,0,0,0,0
3,5,24,7,2,5,23,44,46,48,0,41,41,46,-48,-46,-44,100,63,100,0
3,5,8,4,2,5,5,12,13,15,3,0,0,1,0,0,0,1,0,1,0
1,5,8,0,4,4,5,24,26,26,1,0,0,0,2,2,2,0,0,0,0
0,4,9,5,1,1,4,2,2,2,0,1,1,1,-2,-2,-2,0,0,0,0
4,5,35,9,3,2,34,5,6,6,1,3,4,4,0,0,1,0,0,0,0
4,5,6,3,1,6,3,5,6,8,0,68,68,69,-8,-6,-5,73,100,100,0
4,2,2,2,0,0,0,2,2,4,1,1,1,2,1,1,2,0,0,0,0
0,4,32,8,0,2,30,2,2,3,3,1,1,2,0,0,0,0,0,0,0
1,5,6,5,0,3,3,10,10,11,1,0,0,0,0,0,1,0,0,0,0
3,5,23,8,2,1,21,11,12,12,1,1,1,2,1,2,2,0,0,0,0
2,5,4,1,3,3,1,3,4,4,1,0,0,0,0,1,1,0,0,0,0
3,5,34,13,4,2,38,10,11,24,2,6,6,7,0,0,0,0,0,19,0
3,5,35,5,7,8,31,13,13,15,3,0,0,1,0,0,0,0,0,0,0
3,5,27,7,8,7,23,31,32,34,3,0,1,1,0,0,0,0,0,0,0
0,1,2,1,0,0,0,0,0,0,0,99,99,99,0,0,0,100,100,100,0
4,4,9,3,1,3,6,6,7,9,1,8,9,9,1,1,2,11,9,9,0
0,4,7,2,3,0,4,1,1,2,1,0,1,1,0,0,0,0,0,0,0
2,3,6,5,0,0,2,2,3,3,0,94,94,95,-3,-3,-2,100,100,100,0
2,4,25,1,5,4,20,2,3,3,1,1,2,2,0,0,0,0,0,0,0
1,5,9,3,2,6,5,10,12,13,3,1,2,2,0,0,0,1,0,0,0
1,5,22,7,4,2,22,16,17,18,4,1,1,1,0,0,0,1,0,0,0
3,5,8,7,0,0,4,28,28,29,2,1,1,1,0,0,0,0,0,0,0
2,3,5,3,1,2,1,3,3,4,3,3,3,3,0,0,0,2,0,0,0
2,3,8,1,2,6,3,3,3,3,1,1,1,2,1,1,1,0,0,0,0
1,5,22,7,4,2,22,16,17,18,3,1,1,1,0,0,0,0,0,0,0
4,5,16,4,1,1,17,7,8,12,1,0,0,0,0,1,1,0,0,0,0
0,1,2,0,0,1,0,0,0,0,1,59,60,61,0,0,0,65,61,62,0
4,4,7,2,3,3,4,7,7,8,2,0,0,0,1,1,1,0,0,0,0
0,5,22,8,1,2,19,40,41,42,3,0,0,0,1,2,2,0,0,0,0
1,5,9,3,2,6,5,10,12,13,2,0,1,1,0,0,0,0,0,0,0
3,4,23,7,5,6,14,62,65,66,2,1,1,2,3,3,3,0,0,0,0
3,4,29,8,0,0,26,7,8,10,0,46,48,48,-10,-8,-7,100,100,50,0
3,3,2,1,1,1,0,6,7,8,0,37,37,40,-8,-7,-6,34,35,34,0
2,5,52,10,10,9,50,4,4,5,0,2,3,3,-5,-4,-4,0,0,0,0
1,5,4,2,0,1,3,9,9,10,2,0,1,1,0,0,0,0,0,0,0
3,3,18,1,4,8,10,5,7,8,1,18,18,19,0,0,0,36,18,18,0
4,5,7,2,0,4,4,8,10,12,3,1,1,1,0,0,0,1,0,0,0
2,4,2,0,2,2,0,3,4,4,1,11,12,13,0,0,0,10,10,10,0
3,5,10,3,6,1,5,13,13,16,3,0,0,1,0,0,0,1,0,0,0
4,5,28,8,4,0,25,5,6,8,2,0,0,1,0,0,0,0,0,0,0
3,2,2,1,1,0,0,25,28,29,2,10,11,12,9,10,11,0,0,10,0
2,2,6,2,0,2,2,1,1,2,1,1,1,1,1,1,1,0,0,0,0
2,3,10,2,1,6,4,2,2,2,1,1,1,1,0,1,1,0,0,0,0
1,5,28,7,5,9,22,49,51,51,3,4,4,5,0,1,1,0,0,0,0
1,4,42,5,2,4,38,5,6,7,1,3,3,4,1,2,2,0,0,0,0
1,4,8,4,2,1,3,7,7,8,1,0,0,0,1,2,2,0,0,0,0
3,4,4,0,2,4,1,7,8,9,4,0,0,1,0,0,0,0,0,0,0
3,5,26,8,2,7,22,11,13,19,3,1,1,1,0,0,0,0,0,0,0
3,5,35,5,7,8,31,13,13,15,2,0,0,1,0,0,0,0,0,0,0
2,4,13,5,5,2,8,2,2,3,0,88,89,90,-3,-2,-2,100,100,100,0
1,5,22,7,4,2,22,16,17,18,3,1,2,2,0,0,0,1,0,1,0
4,5,39,6,9,13,30,68,70,73,3,4,4,5,0,0,0,0,8,0,0
0,4,33,2,8,1,29,32,34,35,3,1,1,1,0,0,1,0,0,0,0
2,5,16,4,6,6,13,5,6,6,3,0,0,1,0,0,0,0,0,0,0
4,3,4,0,1,4,1,4,5,7,1,0,0,0,1,1,2,0,0,0,0
4,3,2,2,0,1,0,4,4,5,1,0,0,0,1,1,3,0,0,0,0
1,3,6,0,1,2,4,3,4,4,1,0,0,0,0,0,1,0,0,0,0
4,5,38,6,4,3,40,37,38,39,1,0,0,1,3,3,4,0,0,0,0
3,1,4,1,0,1,0,1,1,3,1,1,2,3,1,1,3,0,0,0,0
1,4,34,5,5,0,30,11,12,12,1,1,2,2,0,1,1,0,0,0,0
2,5,23,7,0,4,22,4,4,5,4,13,13,14,0,0,0,0,22,22,0
0,3,10,2,3,6,4,1,2,2,2,0,0,1,0,0,0,0,0,0,0
2,5,23,5,2,2,25,4,4,5,1,6,6,6,0,0,0,0,0,0,0
2,3,2,1,1,1,0,2,2,2,1,41,41,42,0,1,1,43,49,49,0
3,5,27,6,6,6,27,11,12,13,2,3,3,3,0,0,0,0,0,0,0
4,4,9,2,4,2,5,8,9,12,2,1,2,2,0,1,1,0,0,0,0
2,3,9,1,2,5,4,2,3,3,2,6,6,6,0,0,0,6,5,5,0
2,3,5,1,0,1,4,3,3,3,1,1,1,2,1,1,1,0,0,0,0
1,5,11,6,2,3,8,9,10,12,2,2,2,2,0,0,0,0,0,0,0
1,4,6,5,0,1,5,6,7,8,0,6,6,6,-8,-7,-6,6,0,0,0
0,5,40,11,2,1,46,9,9,10,4,1,1,1,0,0,0,0,0,0,0
2,5,40,6,9,8,35,84,85,85,1,2,3,3,10,11,11,0,8,0,0
3,4,2,1,0,0,1,7,8,8,1,10,10,11,2,2,3,0,0,0,0
1,5,6,1,8,3,4,9,11,12,3,1,2,2,0,0,0,0,0,0,0
4,5,4,1,5,3,2,6,8,8,1,0,1,1,0,1,2,0,0,0,0
2,5,32,8,5,11,27,4,4,4,3,5,6,6,0,0,0,0,9,0,0
3,5,14,4,0,3,16,10,10,12,4,1,1,1,0,0,0,0,0,0,0
0,5,21,3,4,3,23,3,3,3,2,0,1,1,0,0,0,0,0,1,0
1,5,5,0,4,2,2,18,19,20,4,1,1,1,0,0,0,0,0,0,0
1,5,30,8,2,3,28,33,35,39,1,23,24,25,1,1,1,0,36,49,0
0,4,9,1,4,5,5,2,2,2,2,1,1,2,0,0,0,0,0,0,0
4,4,6,2,2,2,3,5,5,6,1,0,1,1,0,0,1,0,0,0,0
4,3,8,1,4,4,3,13,16,21,1,7,7,8,2,2,2,7,7,7,0
4,5,31,10,2,5,25,43,44,45,2,0,0,0,0,1,1,0,0,0,0
2,5,48,11,6,2,43,9,11,12,1,3,3,4,0,0,1,0,0,0,0
3,4,9,6,0,2,6,10,16,20,1,0,0,1,1,1,2,0,0,0,0
2,5,26,4,10,8,23,77,79,81,2,0,0,0,1,1,1,0,0,0,0
0,4,25,6,2,7,14,9,10,13,1,0,1,1,2,2,4,0,0,1,0
0,3,5,2,0,1,3,1,1,1,2,0,1,1,0,0,0,0,0,0,0
0,3,4,1,0,0,3,1,1,2,0,96,96,97,-2,-1,-1,100,100,100,0
0,4,35,3,4,8,27,1,1,2,3,0,1,1,0,0,0,0,0,0,0
0,4,8,2,1,4,3,2,2,2,2,2,2,3,0,0,0,1,0,0,0
4,5,10,3,5,9,8,8,8,9,0,19,21,22,-9,-8,-8,21,23,23,0
3,5,4,2,0,2,2,10,11,11,3,6,6,6,0,0,0,0,6,0,0
0,4,35,7,5,9,24,1,2,2,1,1,1,2,0,0,0,0,0,0,0
3,5,27,6,6,6,27,11,12,13,2,2,2,2,0,0,0,0,0,0,0
4,3,6,0,2,5,2,3,4,5,1,73,75,75,0,1,1,83,88,78,0
0,4,17,4,3,4,13,29,29,30,2,3,3,3,0,0,0,0,0,0,0
2,5,6,5,0,2,2,4,5,5,1,0,0,0,0,1,1,0,0,0,0
1,4,20,6,2,2,15,21,22,23,1,16,16,17,5,6,6,22,24,13,0
0,3,24,4,6,7,14,1,1,1,3,9,10,10,0,0,0,11,11,11,0
2,4,29,6,4,9,20,83,84,85,1,7,8,9,13,15,15,6,18,18,0
0,4,17,4,3,4,13,29,29,30,1,0,0,0,13,13,14,0,0,0,0
4,5,36,6,4,8,33,92,93,93,1,0,0,0,1,2,2,0,0,0,0
3,4,7,2,0,1,5,13,14,18,2,1,1,2,1,2,2,0,0,0,0
1,5,24,8,0,5,19,9,10,11,3,5,5,6,0,0,0,10,9,9,0
3,5,24,5,3,7,22,11,13,21,4,2,2,2,0,0,0,4,0,1,0
0,4,35,7,5,9,24,1,2,2,1,23,25,26,0,0,0,24,25,49,0
2,3,4,0,2,1,1,2,3,3,0,16,17,18,-3,-3,-2,11,17,17,0
1,5,5,0,4,2,2,18,19,20,3,21,22,23,0,0,0,23,23,23,0
4,4,4,0,2,0,4,4,4,6,0,89,91,91,-6,-4,-4,100,100,100,0
4,5,36,6,4,8,33,92,93,93,2,1,1,1,2,3,3,0,0,0,0
0,4,23,6,5,0,17,1,2,2,1,37,38,38,0,0,0,50,50,49,0
0,1,2,0,1,0,0,0,0,0,1,45,46,48,0,0,0,50,49,49,0
4,2,6,0,1,5,2,2,2,3,0,94,94,95,-3,-2,-2,100,100,100,0
3,3,4,0,0,1,3,7,15,15,2,1,1,1,0,0,0,0,0,0,0
3,4,12,3,2,6,6,10,15,23,3,4,5,5,0,0,0,1,0,0,0
4,5,39,6,9,13,30,68,70,73,1,0,1,1,5,5,5,0,0,0,0
1,4,34,1,4,15,25,88,89,89,3,1,1,1,2,2,2,0,0,0,0
2,2,6,2,1,1,3,1,1,1,1,47,48,49,0,0,1,50,49,50,0
1,4,35,7,6,4,26,64,66,67,2,1,1,2,2,2,3,0,0,0,0
1,5,35,8,8,6,31,10,11,12,1,1,1,1,1,1,2,0,0,0,0
2,3,6,0,1,6,2,2,2,3,1,53,54,56,1,1,1,59,50,49,0
3,4,6,2,2,5,3,11,14,23,2,5,6,7,0,0,2,3,0,0,0
4,2,7,2,0,2,2,2,2,3,1,21,22,23,1,1,1,21,25,25,0
4,4,16,2,4,1,11,49,50,52,1,15,17,17,3,3,3,17,17,19,0
2,2,9,3,1,1,2,4,4,5,2,34,34,35,0,0,1,40,33,32,0
1,4,6,1,4,4,3,6,6,7,2,1,1,1,0,0,0,0,0,0,0
1,5,6,2,1,5,2,8,9,10,2,0,0,1,0,0,0,0,0,0,0
3,3,8,3,2,0,3,12,12,13,1,8,8,9,1,1,1,0,0,0,0
2,4,29,2,5,9,22,15,16,17,1,6,6,6,1,1,1,0,13,13,0
3,4,7,2,1,4,3,9,12,13,2,3,4,5,0,0,0,1,0,3,0
3,4,25,3,5,9,15,7,8,9,2,1,1,2,0,0,0,0,0,0,0
2,4,18,4,3,1,13,8,9,9,2,5,5,5,0,0,0,5,0,0,0
4,5,6,5,1,0,2,6,7,9,0,44,46,48,-9,-7,-6,50,50,50,0
0,4,35,6,6,8,26,1,2,2,2,0,0,1,0,0,0,0,0,0,0
1,4,8,3,2,6,5,6,6,7,1,2,2,2,1,2,2,0,0,0,0
1,5,6,4,3,4,4,10,11,13,3,3,4,4,0,0,0,0,6,0,0
3,4,7,3,2,1,3,8,8,9,1,31,31,32,0,0,1,44,50,50,0
1,5,20,3,5,9,18,9,10,11,2,2,2,2,0,0,0,2,0,2,0
3,5,24,7,2,5,23,44,46,48,2,0,0,0,2,2,3,0,0,0,0
0,1,2,0,0,1,0,0,0,0,1,19,19,20,0,0,0,22,16,18,0
0,4,17,3,5,4,11,2,2,2,1,1,1,1,0,0,0,0,0,0,0
3,4,29,8,0,0,26,7,8,10,3,0,0,1,0,0,0,0,0,0,0
4,5,4,1,4,0,2,6,7,8,1,0,0,0,0,0,1,0,0,0,0
3,2,5,2,0,0,2,5,5,6,1,4,4,5,1,2,2,0,0,0,0
3,5,20,6,1,2,22,50,52,54,1,3,3,4,2,2,3,0,0,0,0
4,3,19,3,5,2,11,6,6,10,2,1,2,2,0,0,0,0,0,0,0
4,5,5,1,5,1,3,9,10,11,2,0,0,0,0,1,1,0,0,0,0
4,2,6,1,2,3,2,6,7,7,1,2,2,3,2,2,3,0,0,0,0
0,2,5,2,0,0,3,1,1,1,1,1,2,2,0,0,0,0,0,0,0
4,4,9,2,2,3,4,5,6,7,3,0,0,1,0,0,0,0,0,0,0
2,5,25,6,4,2,22,21,23,23,1,0,0,0,3,4,4,0,0,0,0
3,5,24,5,3,7,22,11,13,21,3,3,3,4,0,0,0,5,0,1,0
3,2,4,2,0,0,1,4,4,6,2,6,6,7,0,0,0,0,0,0,0
0,3,24,4,6,7,14,1,1,1,1,9,10,10,0,0,0,11,11,11,0
1,2,6,1,1,4,2,5,5,6,0,56,56,58,-6,-5,-5,50,84,60,0
3,4,29,4,4,2,26,7,8,10,1,7,7,8,1,2,2,0,0,0,0
1,5,9,3,1,7,6,12,13,13,1,0,0,0,1,1,1,0,0,0,0
2,4,27,4,4,6,22,3,3,4,1,16,17,17,0,0,0,21,41,41,0
2,2,4,2,0,2,1,1,1,1,1,74,75,77,0,0,0,81,74,76,0
4,2,6,0,1,5,2,3,3,3,2,16,17,18,0,0,0,18,16,6,0
2,5,4,2,1,1,2,4,4,4,0,13,14,14,-4,-4,-4,11,16,16,0
3,4,24,7,3,1,18,58,60,61,2,1,1,2,6,7,7,0,0,0,0
2,2,6,0,2,4,2,2,2,2,0,57,58,60,-2,-2,-2,57,60,60,0
1,4,7,3,0,2,4,6,6,7,0,0,0,1,-7,-6,-6,0,0,0,0
0,3,4,1,1,1,1,1,1,2,2,32,33,34,0,0,0,32,32,32,0
3,5,34,11,0,3,31,56,58,63,4,0,0,1,0,0,1,0,0,0,0
1,5,49,13,4,11,57,67,68,69,4,0,0,0,0,0,1,0,0,0,0
0,4,33,2,8,1,29,32,34,35,0,17,19,19,-35,-34,-32,29,25,25,0
3,4,4,1,0,2,2,7,8,8,1,67,68,68,0,0,0,94,100,100,0
2,5,5,3,1,1,2,4,4,5,0,34,35,35,-5,-4,-4,33,33,33,0
1,5,29,6,3,2,34,9,10,11,2,1,1,1,0,0,0,0,0,0,0
4,5,4,3,1,1,1,6,6,11,1,17,18,19,0,1,1,19,19,0,0
1,2,4,1,3,0,1,3,4,4,1,29,30,31,1,1,2,25,24,25,0
1,1,2,1,0,0,0,0,1,1,1,0,1,1,0,1,1,0,0,0,0
4,5,25,5,0,1,26,21,25,28,3,0,0,0,1,1,1,0,0,0,0
2,4,2,0,2,2,0,3,4,4,1,10,11,12,0,0,0,10,10,10,0
0,5,46,10,9,9,41,74,75,76,1,2,3,4,32,34,36,0,0,0,0
0,4,4,0,3,3,1,2,2,2,1,22,23,24,0,0,0,25,25,25,0
1,3,18,1,4,5,13,3,4,4,2,41,41,41,0,0,0,34,84,46,0
1,5,14,3,7,2,11,20,20,21,2,1,1,1,0,0,0,0,0,0,0
2,3,6,3,1,1,2,2,3,3,0,3,3,3,-3,-3,-2,0,0,0,0
2,4,4,1,1,1,3,3,3,3,2,1,1,1,0,0,0,0,0,0,0
4,5,33,5,12,9,38,71,72,74,5,0,0,0,0,0,1,0,0,0,0
3,5,10,2,8,5,6,23,26,30,1,44,49,51,2,2,3,80,48,50,0
4,3,6,2,1,1,2,5,6,7,2,0,1,1,0,0,1,0,0,0,0
1,1,2,0,0,1,0,0,1,1,0,40,41,42,-1,-1,0,39,35,35,0
0,4,40,7,3,6,32,2,2,2,3,2,2,2,0,0,0,0,0,0,0
1,5,14,5,2,7,10,38,39,40,3,1,2,2,0,0,0,2,0,1,0
2,5,15,3,4,3,14,4,4,5,1,3,3,4,0,1,1,0,0,0,0
1,3,4,1,2,1,1,3,3,4,0,18,18,19,-4,-3,-3,25,17,17,0
2,5,26,4,10,8,23,77,79,81,1,15,16,17,1,1,2,49,50,50,0
2,3,11,5,1,0,6,5,5,5,1,0,0,0,0,1,1,0,0,0,0
1,5,4,2,2,0,1,10,11,12,2,0,0,1,0,0,0,0,0,0,0
3,5,12,8,3,1,7,16,17,20,3,3,3,4,0,0,0,0,0,4,0
0,4,20,6,4,1,14,13,14,15,1,0,0,0,2,2,2,0,0,0,0
2,2,4,2,0,2,1,1,1,1,2,0,1,1,0,0,0,0,0,0,0
0,4,7,3,4,1,4,2,2,2,2,13,13,14,0,0,0,9,17,15,0
4,5,5,1,5,1,3,9,10,11,1,8,9,9,1,1,1,8,8,8,0
3,4,2,2,0,2,0,10,11,19,3,0,0,1,0,0,0,0,0,0,0
2,3,12,0,2,9,5,3,3,3,1,0,0,1,1,1,2,0,0,0,0
1,5,49,13,4,11,57,67,68,69,3,0,0,0,2,2,2,0,0,0,0
4,2,6,0,1,5,2,2,2,3,2,46,48,49,0,0,0,49,50,46,0
2,5,23,7,0,4,22,4,4,5,1,0,0,0,0,0,1,0,0,0,0
3,4,24,3,5,7,17,82,82,84,2,2,2,3,6,6,6,3,0,0,0
4,4,9,3,1,3,6,6,7,9,1,37,37,38,1,2,3,35,50,50,0
3,4,8,1,3,2,5,8,9,10,1,0,0,0,1,1,2,0,0,0,0
4,2,2,0,1,1,0,2,4,9,2,37,38,39,0,0,0,39,43,38,0
3,2,3,1,0,1,1,6,7,21,0,12,13,14,-21,-7,-6,9,14,0,0
0,5,24,2,6,10,18,2,3,3,2,1,1,1,0,0,0,0,0,0,0
4,2,6,0,2,4,2,2,2,3,0,95,95,95,-3,-2,-2,100,100,100,0
2,2,4,3,0,1,1,1,1,2,0,93,93,93,-2,-1,-1,96,100,100,0
2,2,4,2,1,1,1,1,1,1,1,3,3,4,0,1,1,0,0,0,0
3,4,7,3,1,1,4,8,9,10,1,0,0,0,1,2,2,0,0,0,0
0,3,9,4,0,3,4,1,1,2,0,3,3,4,-2,-1,-1,2,0,0,0
1,5,6,2,5,0,2,10,10,11,2,9,10,11,0,0,0,12,12,12,0
2,2,2,0,0,2,0,1,1,1,1,0,1,1,0,0,0,0,0,0,0
4,5,10,7,1,2,5,15,21,23,2,0,0,0,0,0,1,0,0,0,0
0,4,8,2,1,4,3,2,2,2,1,1,1,1,0,0,0,0,0,0,0
3,2,4,0,2,2,1,21,21,29,2,5,5,6,5,6,12,0,0,0,0
0,3,8,3,2,3,3,1,1,2,2,18,19,19,0,0,0,22,22,22,0
4,3,6,2,1,1,2,5,6,7,3,0,0,1,0,0,0,0,0,0,0
3,5,27,6,3,5,23,10,10,11,1,5,5,6,2,2,3,0,0,0,0
4,5,39,6,9,13,30,68,70,73,2,1,1,2,5,6,7,0,0,0,0
1,5,36,5,8,7,36,9,10,10,2,1,1,1,0,0,0,0,0,0,0
4,5,44,6,4,8,44,58,60,62,2,0,0,0,1,1,1,0,0,0,0
2,3,4,2,0,1,1,2,2,3,1,0,1,1,0,1,1,0,0,0,0
0,4,4,3,0,1,1,2,2,2,1,15,15,17,0,0,0,18,17,16,0
3,5,6,5,0,1,2,10,11,12,2,8,8,9,0,0,0,0,12,0,0
0,3,24,4,6,6,14,4,5,5,0,3,3,3,-5,-5,-4,0,0,0,0
3,3,6,2,2,4,2,5,5,6,1,4,4,5,2,2,3,0,0,0,0
2,4,8,2,4,2,4,5,6,6,1,0,1,1,2,2,2,10,0,0,0
2,4,8,0,4,7,4,3,3,3,1,1,2,2,0,1,1,0,0,0,0
1,5,5,0,4,2,2,18,19,20,1,0,1,1,10,11,12,0,0,0,0
1,5,5,0,4,2,2,18,19,20,1,0,0,0,1,1,1,0,0,0,0
3,4,14,2,5,3,8,9,13,14,2,2,2,2,0,0,0,0,0,0,0
4,2,3,1,0,0,1,2,3,4,1,1,2,4,1,1,2,0,0,0,0
4,5,6,3,1,2,2,7,7,8,2,34,36,37,0,0,0,42,42,43,0
2,5,25,4,7,11,21,56,56,61,1,0,0,0,11,12,14,0,0,0,0
1,3,5,2,0,1,2,2,3,3,1,0,0,0,0,0,1,0,0,0,0
1,5,36,5,8,7,36,9,10,10,3,1,1,1,0,0,0,0,0,0,0
1,5,22,7,2,4,19,10,11,11,2,2,2,2,0,0,0,0,0,0,0
4,2,8,0,1,7,3,3,3,3,0,4,5,5,-3,-3,-3,0,0,0,0
2,2,2,0,0,0,1,1,1,1,0,97,97,97,-1,-1,-1,100,100,100,0
3,5,31,4,8,7,27,76,77,78,4,13,13,14,0,1,1,31,31,31,0
2,4,10,5,0,3,4,3,4,4,2,1,1,1,0,0,0,0,0,0,0
3,4,2,0,1,1,1,7,7,7,2,1,1,2,0,0,0,0,0,0,0
3,5,14,1,5,9,11,18,19,20,2,1,1,1,0,0,0,0,0,0,0
1,4,17,2,2,6,12,6,6,7,2,5,5,6,0,0,0,13,5,5,0
4,4,7,6,0,1,4,4,5,7,0,87,89,91,-7,-5,-4,100,100,100,0
3,4,21,5,6,3,13,62,64,66,3,1,1,1,0,1,1,0,0,0,0
1,5,10,1,4,10,6,15,16,19,1,4,5,6,0,0,0,0,6,0,0
3,3,4,0,0,1,3,7,15,15,2,5,8,10,0,2,3,0,0,0,0
3,4,4,0,5,0,2,9,10,10,2,11,12,12,0,0,0,0,12,12,0
4,5,36,6,5,7,31,76,78,79,0,3,3,3,-79,-78,-76,0,0,0,0
0,5,2,2,0,1,1,3,3,4,1,92,92,93,0,0,1,99,100,100,0
4,4,20,6,0,3,16,41,43,49,1,2,2,3,1,1,1,0,0,0,0
3,4,22,2,7,12,12,7,8,13,3,6,6,7,0,0,0,9,0,0,0
3,4,7,5,1,0,3,10,11,12,1,2,2,2,2,2,2,0,0,0,0
4,5,35,9,3,2,34,5,6,6,1,1,2,2,1,1,1,0,0,0,0
3,5,12,8,3,1,7,16,17,20,1,0,0,0,1,2,2,0,0,0,0
0,3,13,4,3,3,7,1,1,2,1,8,9,9,0,0,0,3,25,0,0
0,4,40,11,0,3,32,9,10,10,3,0,0,1,0,0,0,0,0,0,0
3,4,2,0,1,2,0,9,11,13,2,1,2,2,0,0,1,0,0,0,0
0,4,7,2,3,0,4,1,1,2,1,43,44,45,0,0,0,49,49,49,0
2,1,2,0,0,1,0,0,0,0,1,46,47,48,0,0,0,52,44,44,0
3,5,27,6,3,5,23,10,10,11,3,1,1,1,0,0,0,0,0,0,0
0,4,6,1,2,5,2,2,2,2,2,0,1,1,0,0,0,0,0,0,0
2,2,6,1,3,2,2,1,1,1,1,46,47,48,0,1,1,50,50,50,0
3,3,8,1,1,2,5,10,12,15,2,20,21,21,1,2,3,28,28,28,0
0,4,10,4,3,3,5,2,2,3,2,45,48,49,0,0,0,49,49,49,0
0,3,4,0,0,5,1,1,1,2,2,6,6,6,0,0,0,7,7,0,0
4,5,8,3,2,2,6,8,10,11,2,0,0,1,0,0,0,0,0,0,0
3,5,22,3,6,14,22,11,13,13,3,1,1,2,0,0,0,0,0,0,0
1,5,10,4,5,6,6,30,30,30,0,1,1,2,-30,-30,-30,0,0,0,0
4,5,11,2,3,5,7,6,7,9,4,1,1,1,0,0,0,0,0,0,0
2,4,7,2,0,3,2,3,3,4,1,9,10,10,0,0,0,12,12,0,0
4,5,4,2,0,1,3,9,10,11,1,82,84,86,0,0,0,100,100,100,0
3,5,34,11,0,3,31,56,58,63,2,0,0,0,0,1,1,0,0,0,0
1,5,22,7,4,2,22,16,17,18,3,1,1,1,0,0,0,0,0,0,0
4,5,6,5,1,0,2,6,7,9,1,0,0,1,1,1,1,0,0,0,0
0,5,8,1,5,2,7,2,2,3,2,1,1,2,0,0,0,2,0,0,0
3,4,6,2,3,3,3,9,9,11,2,2,2,2,0,0,0,0,0,0,0
4,4,12,6,2,1,10,5,6,9,1,36,40,41,1,1,1,50,61,50,0
1,1,2,1,0,0,0,0,0,1,0,99,99,99,-1,0,0,100,100,100,0
3,4,14,2,5,3,8,9,13,14,0,4,6,7,-14,-13,-9,0,0,0,0
4,4,5,0,1,5,2,5,6,17,2,0,1,2,0,0,0,0,0,0,0
0,4,17,4,3,4,13,29,29,30,2,0,0,0,1,2,2,0,0,0,0
3,4,11,6,2,0,7,9,10,10,0,69,69,70,-10,-10,-9,100,100,100,0
0,4,17,4,3,4,13,29,29,30,2,1,2,2,0,0,0,0,0,0,0
2,4,25,1,5,4,20,2,3,3,1,29,30,31,0,0,1,49,50,42,0
1,5,43,8,1,9,46,51,52,54,4,0,0,1,0,0,0,0,0,0,0
3,4,6,2,3,3,3,9,9,11,1,17,19,19,1,2,2,25,24,23,0
0,4,35,3,4,8,27,1,1,2,1,1,1,1,0,0,0,0,0,0,0
4,4,2,1,1,0,0,5,6,7,1,0,0,0,0,0,1,0,0,0,0
2,3,6,2,2,0,3,2,2,2,0,94,94,95,-2,-2,-2,100,100,100,0
3,4,6,2,2,5,3,11,14,23,4,0,1,1,0,0,1,0,0,0,0
0,5,2,1,2,1,0,2,3,3,2,0,0,1,0,0,0,0,0,0,0
2,5,43,10,0,4,48,3,3,4,2,1,1,1,0,0,0,0,0,0,0
1,4,5,2,2,0,3,5,6,6,0,90,90,91,-6,-6,-5,100,100,100,0
2,5,24,8,4,9,21,17,18,19,3,15,15,16,0,0,0,22,22,22,0
0,4,4,0,0,2,3,1,2,2,1,4,5,5,0,0,0,2,0,0,0
1,5,4,2,0,1,3,9,9,10,1,0,0,0,0,0,1,0,0,0,0
1,5,43,8,1,9,46,51,52,54,2,1,1,2,1,2,2,0,0,0,0
0,4,7,2,2,2,3,2,2,3,1,1,1,1,0,0,0,0,0,0,0
1,2,6,2,0,2,2,2,3,3,1,0,1,1,1,1,2,0,0,0,0
0,5,8,1,5,2,7,2,2,3,3,2,3,3,0,0,0,3,0,3,0
1,1,2,0,0,1,0,1,1,1,1,90,91,92,1,1,1,95,96,95,0
4,4,4,1,1,0,3,7,9,10,1,41,43,45,0,0,0,49,49,49,0
1,2,6,0,2,4,2,2,3,3,0,92,92,93,-3,-3,-2,95,100,100,0
1,5,28,7,5,9,22,49,51,51,3,13,14,14,0,0,0,29,27,24,0
4,5,20,1,7,8,16,25,25,26,1,0,0,0,5,5,5,0,0,0,0
4,4,6,3,2,4,3,3,3,4,2,1,1,1,0,0,0,0,0,0,0
0,4,26,6,1,10,16,2,2,2,3,3,3,3,0,0,0,0,0,0,0
1,3,4,1,1,0,2,3,4,4,2,0,0,1,0,0,0,0,0,0,0
0,4,29,9,5,1,22,1,1,2,2,2,3,4,0,0,0,0,0,0,0
0,5,31,6,2,5,28,2,2,3,2,2,3,3,0,0,0,0,0,0,0
3,5,10,2,8,5,6,23,26,30,1,0,0,0,9,10,10,0,0,0,0
4,5,7,2,0,4,4,8,10,12,0,4,4,4,-12,-10,-8,2,0,0,0
0,2,8,1,1,6,3,0,1,1,1,2,2,2,0,0,0,0,0,0,0
1,5,10,4,5,6,6,30,30,30,1,0,0,0,1,1,1,0,0,0,0
1,3,9,3,4,0,3,6,6,8,1,1,1,2,1,1,1,0,0,0,0
1,3,6,0,1,2,4,3,4,4,1,46,47,47,1,2,2,50,49,49,0
3,5,12,4,0,1,12,13,14,19,2,3,4,4,0,0,0,0,0,0,0
2,4,3,0,1,3,1,3,4,4,1,0,1,1,0,0,0,0,0,0,0
1,5,6,4,0,2,4,10,11,11,1,1,1,1,1,1,2,0,0,0,0
1,4,32,10,1,3,27,6,6,7,2,1,1,1,0,0,0,0,0,0,0
1,4,37,13,0,2,31,5,5,6,1,17,21,21,1,1,1,18,20,25,0
0,3,6,2,1,2,2,1,1,2,1,33,33,35,0,0,0,30,33,33,0
4,2,6,1,1,2,2,2,2,3,1,3,3,4,1,1,1,1,0,0,0
1,1,3,0,0,1,0,0,1,1,1,95,95,96,0,1,1,100,100,98,0
3,4,4,0,1,1,3,8,10,22,1,29,33,36,1,2,2,44,50,50,0
3,5,4,1,2,0,3,13,20,24,3,0,0,0,0,0,1,0,0,0,0
3,4,9,1,3,7,7,29,32,37,4,0,0,1,0,0,1,0,0,0,0
4,5,5,1,5,1,3,9,10,11,0,8,8,9,-11,-10,-9,8,100,8,0
2,5,35,8,5,10,32,93,94,94,1,14,15,15,6,7,8,11,38,21,0
2,5,20,3,5,11,18,34,38,39,2,1,2,2,0,0,0,0,0,3,0
1,2,4,1,2,0,1,2,2,3,0,26,27,28,-3,-2,-2,25,25,25,0
0,5,28,6,4,3,27,31,33,34,1,0,0,1,1,1,2,0,0,0,0
4,5,6,3,1,6,3,5,6,8,2,0,1,1,0,0,0,0,0,0,0
1,2,8,0,2,6,3,2,2,3,2,11,11,11,0,0,0,8,9,0,0
3,5,62,12,3,4,62,89,90,90,4,1,1,1,1,1,1,0,0,0,0
4,5,22,3,6,2,23,5,6,8,1,0,0,0,0,1,1,0,0,0,0
3,4,29,4,4,2,26,7,8,10,1,9,9,9,2,2,2,0,24,0,0
0,5,21,3,4,3,23,3,3,3,2,9,10,11,0,0,0,14,14,14,0
1,5,35,8,8,6,31,10,11,12,1,1,1,1,0,1,1,0,0,0,0
0,4,40,11,0,3,32,9,10,10,1,6,6,6,0,0,0,0,0,0,0
0,2,6,0,2,4,2,0,1,1,0,46,46,47,-1,-1,0,49,47,50,0
4,5,5,1,5,1,3,9,10,11,2,6,7,8,0,0,0,8,8,8,0
2,5,11,3,2,5,7,9,12,13,1,7,7,8,0,0,0,0,7,0,0
4,5,39,8,7,1,38,7,8,8,2,17,17,18,0,0,0,49,25,25,0
1,4,34,5,5,0,30,11,12,12,2,2,2,2,1,1,1,0,0,0,0
2,3,6,2,0,3,2,7,8,8,1,50,51,53,1,1,1,55,79,50,0
1,5,2,0,0,1,2,11,12,13,2,7,7,8,0,0,0,0,8,7,0
2,4,9,2,1,6,6,3,3,4,0,37,38,40,-4,-3,-3,40,42,49,0
3,4,13,4,2,7,6,11,13,19,0,12,12,12,-19,-13,-11,14,26,10,0
3,5,31,4,8,7,27,76,77,78,0,0,0,0,-78,-77,-76,0,0,0,0
2,4,38,3,7,11,28,29,31,32,2,3,3,3,1,1,1,0,0,0,0
4,3,13,4,1,2,7,3,3,4,2,4,4,5,0,0,0,0,0,0,0
0,5,22,8,1,2,19,40,41,42,1,0,0,0,1,1,2,0,0,0,0
3,3,18,1,4,8,10,5,7,8,2,11,11,12,0,0,1,10,21,7,0
0,5,35,6,7,8,34,68,68,70,1,2,3,3,19,20,20,0,0,0,0
2,3,6,1,3,1,2,2,2,2,1,1,2,2,0,1,1,0,0,0,0
4,3,8,2,2,5,3,3,3,4,0,3,3,4,-4,-3,-3,0,0,0,0
2,5,25,6,4,2,22,21,23,23,2,2,3,3,1,1,1,0,0,0,0
2,2,6,0,1,3,2,1,1,2,1,15,15,15,1,1,1,12,17,21,0
3,3,8,1,3,4,3,39,40,40,2,8,9,9,0,0,0,0,7,9,0
2,1,2,0,0,1,0,0,0,0,1,44,46,47,0,0,0,47,44,44,0
3,5,9,4,1,3,6,11,12,13,1,5,5,6,1,2,2,0,0,0,0
0,4,4,2,0,0,2,2,2,3,1,0,0,0,0,0,1,0,0,0,0
2,5,38,6,9,5,36,82,84,85,3,1,1,1,1,1,1,0,0,0,0
1,5,11,6,2,3,8,9,10,12,2,1,1,1,0,0,0,0,0,0,0
3,5,14,1,5,9,11,18,19,20,2,0,1,1,0,0,0,0,0,0,0
4,3,4,0,4,0,1,3,4,5,1,0,0,0,1,1,2,0,0,0,0
2,5,30,8,2,0,37,4,5,5,2,2,2,2,0,0,0,0,0,0,0
2,2,6,1,2,1,1,5,5,6,1,23,23,24,2,3,3,22,27,22,0
3,5,31,6,3,7,32,66,66,69,1,0,1,1,6,7,7,0,0,0,0
4,5,44,6,4,8,44,58,60,62,2,1,1,1,1,1,1,0,0,0,0
4,5,24,1,3,13,25,5,6,6,0,4,4,5,-6,-6,-5,10,0,0,0
4,5,33,5,12,9,38,71,72,74,2,0,0,1,1,1,1,0,0,0,0
2,5,23,5,2,2,25,4,4,5,3,11,12,12,0,0,0,27,26,14,0
3,4,7,3,2,1,3,8,8,9,2,1,1,1,0,0,0,0,0,0,0
4,5,39,10,4,9,44,10,12,14,1,4,5,5,1,1,3,0,0,3,0
0,1,2,0,1,0,0,0,0,0,1,47,49,49,0,0,0,49,49,49,0
2,4,6,2,4,6,4,3,4,4,0,8,9,10,-4,-4,-3,0,12,6,0
2,4,4,2,2,0,1,3,3,4,0,94,95,95,-4,-3,-3,100,100,100,0
2,4,18,2,5,6,11,9,10,11,2,0,0,1,0,0,0,0,0,0,0
1,3,8,2,1,2,5,3,3,4,3,8,8,8,0,0,0,6,6,6,0
1,5,8,4,0,2,7,11,12,13,2,0,0,1,0,0,0,0,0,0,0
0,5,17,5,5,2,15,2,3,3,2,2,3,3,0,0,0,0,0,0,0
3,5,7,5,1,0,3,11,13,16,1,3,4,4,2,3,3,0,0,0,0
2,2,4,1,1,1,1,1,1,1,0,34,35,36,-1,-1,-1,32,33,33,0
2,4,8,3,3,0,6,3,3,3,0,47,49,50,-3,-3,-3,50,50,50,0
3,2,2,0,1,1,0,4,6,10,2,32,33,34,0,1,2,41,41,38,0
3,4,14,2,5,3,8,9,13,14,1,5,5,6,1,2,3,0,0,0,0
1,5,36,5,8,7,36,9,10,10,3,2,2,3,0,0,0,0,0,0,0
1,5,5,0,4,2,2,18,19,20,1,0,0,0,0,0,1,0,0,0,0
3,3,4,0,2,3,1,22,24,24,3,1,2,2,0,0,0,0,0,0,0
2,5,11,6,1,2,9,4,5,5,3,0,0,1,0,0,0,0,0,0,0
3,4,2,2,0,2,0,10,11,19,3,2,3,3,0,0,0,0,0,0,0
1,5,38,2,11,13,30,61,62,63,3,0,0,1,1,1,1,0,0,0,0
2,3,2,1,1,1,0,2,2,2,1,8,8,9,0,0,0,6,7,15,0
1,5,23,5,5,4,22,10,12,13,2,2,2,2,0,0,0,0,0,0,0
1,3,14,0,7,5,7,14,14,16,1,40,41,43,3,3,3,33,95,49,0
2,4,3,0,1,3,1,3,4,4,1,0,0,1,0,1,1,0,0,0,0
4,4,6,0,3,3,2,8,10,11,2,4,4,5,0,0,0,6,5,6,0
1,5,8,0,4,4,5,24,26,26,2,2,2,2,0,0,0,0,0,0,0
4,2,6,0,2,4,2,2,2,3,2,1,2,2,0,0,0,0,0,0,0
1,3,8,0,0,9,3,3,4,4,1,1,1,1,1,1,1,0,0,0,0
4,4,2,1,1,0,0,5,6,7,1,46,47,49,1,2,4,49,49,49,0
1,4,5,0,0,2,4,6,6,7,3,1,1,2,0,0,0,0,0,0,0
4,3,14,0,7,8,6,10,11,12,0,79,80,80,-12,-11,-10,100,100,100,0
2,4,8,4,2,3,4,3,3,4,2,0,1,1,0,0,0,0,0,0,0
2,2,9,3,1,1,2,4,4,5,1,11,12,12,1,1,1,9,11,11,0
3,5,31,4,8,7,27,76,77,78,2,2,2,2,1,1,1,4,0,3,0
2,5,8,2,5,3,4,13,16,21,2,1,1,2,0,0,0,0,0,0,0
2,3,4,1,0,0,3,3,3,4,1,1,1,1,1,1,1,0,0,0,0
4,2,2,0,1,0,0,2,2,2,0,49,51,52,-2,-2,-2,50,50,50,0
3,4,2,2,0,2,0,10,11,19,3,2,2,5,0,0,0,0,0,2,0
0,5,35,6,7,8,34,68,68,70,2,0,0,0,0,0,1,0,0,0,0
1,3,4,1,0,1,2,3,3,4,1,0,0,0,1,1,2,0,0,0,0
4,5,6,2,3,1,2,6,8,16,2,8,9,9,0,0,0,12,12,12,0
1,3,4,2,0,0,2,3,4,4,0,94,95,95,-4,-4,-3,100,100,100,0
2,4,18,4,3,1,13,8,9,9,1,18,18,19,3,3,3,19,25,34,0
1,5,32,6,4,5,34,11,11,12,2,26,27,28,0,0,0,43,53,38,0
4,5,22,5,4,5,22,56,57,60,2,1,1,2,4,4,5,0,0,0,0
1,5,32,6,4,5,34,11,11,12,2,1,1,1,0,0,0,0,0,0,0
2,3,5,3,1,2,1,3,3,4,1,4,5,5,0,0,0,0,0,0,0
1,4,13,1,3,6,8,17,18,19,2,39,40,41,0,0,0,50,49,49,0
4,4,6,0,3,3,2,8,10,11,2,1,1,1,0,0,0,0,0,0,0
1,4,20,6,2,2,15,21,22,23,2,0,1,1,0,0,0,0,0,0,0
3,5,10,3,6,1,5,13,13,16,3,7,7,8,0,0,0,6,8,6,0
1,5,26,4,3,3,26,77,78,79,1,16,16,18,6,6,7,44,44,23,0
1,5,14,3,7,2,11,20,20,21,2,1,2,2,0,0,0,0,0,0,0
2,4,29,6,4,9,20,83,84,85,2,8,9,9,4,5,5,17,11,18,0
2,5,43,10,0,4,48,3,3,4,4,1,1,1,0,0,0,0,0,0,0
0,5,32,11,2,3,31,2,2,3,2,0,1,1,0,0,0,0,0,0,0
4,3,13,4,1,2,7,3,3,4,2,23,25,27,0,0,0,37,19,42,0
1,3,14,2,2,8,6,3,4,4,2,37,38,39,0,0,0,49,49,49,0
4,4,8,2,3,2,3,4,5,5,1,0,0,0,0,1,1,0,0,0,0
3,5,27,6,6,6,27,11,12,13,1,0,0,0,2,2,2,0,0,0,0
0,5,28,6,4,3,27,31,33,34,0,3,3,3,-34,-33,-31,0,0,0,0
3,5,7,2,3,2,3,10,11,11,1,0,0,0,1,2,2,0,0,0,0
2,5,23,5,2,2,25,4,4,5,2,1,1,1,0,0,0,0,0,0,0
1,3,4,0,2,1,1,4,4,4,0,0,0,0,-4,-4,-4,0,0,0,0
3,4,6,3,0,3,2,10,14,18,3,1,2,3,0,0,0,0,0,0,0
2,5,8,1,6,7,6,4,4,5,1,20,21,21,0,0,0,22,23,25,0
2,4,18,4,3,1,13,8,9,9,2,0,1,1,0,0,0,0,0,0,0
3,4,25,3,5,9,15,7,8,9,3,1,2,2,0,0,0,0,0,0,0
2,3,8,3,1,1,4,2,3,3,1,36,37,37,0,0,0,41,43,50,0
3,5,9,4,1,3,6,11,12,13,2,3,3,3,0,0,0,0,0,0,0
3,4,12,2,6,6,5,8,9,10,1,8,8,8,0,0,1,0,12,0,0
3,2,1,0,0,0,0,5,6,7,0,92,94,94,-7,-6,-5,100,100,92,0
1,5,14,5,2,7,10,38,39,40,3,3,3,3,0,0,0,2,3,4,0
0,4,17,4,3,4,13,29,29,30,1,0,0,0,0,1,1,0,0,0,0
3,4,6,2,1,1,4,7,9,12,2,2,2,3,0,0,1,0,0,0,0
3,4,7,3,1,1,4,8,9,10,3,1,2,2,0,0,0,0,0,0,0
3,4,8,0,7,6,5,8,8,8,2,0,1,1,0,0,0,0,0,0,0
3,2,5,2,0,2,2,7,19,25,1,11,12,14,3,8,8,9,0,0,0
3,4,7,2,1,4,2,16,17,18,1,5,6,6,0,1,1,7,0,2,0
0,2,6,0,2,4,2,1,1,1,2,42,43,43,0,0,0,50,50,50,0
2,2,6,0,1,5,2,1,2,2,1,70,71,72,1,1,2,84,76,79,0
3,4,30,6,5,4,23,10,23,25,1,1,2,2,1,1,2,0,0,0,0
1,5,28,7,5,9,22,49,51,51,3,2,2,3,0,1,1,0,0,1,0
0,5,35,6,7,8,34,68,68,70,2,0,0,0,1,1,2,0,0,0,0
2,1,3,0,0,1,0,0,0,0,1,47,48,48,0,0,0,49,48,48,0
2,4,18,2,5,6,11,9,10,11,1,1,1,1,2,3,3,0,0,0,0
1,5,6,2,2,3,2,22,23,24,3,1,1,1,0,0,0,1,0,2,0
1,3,18,1,4,5,13,3,4,4,3,0,1,1,0,0,0,0,0,0,0
1,5,10,4,5,6,6,30,30,30,4,4,4,5,0,0,0,0,6,6,0
0,4,7,2,2,2,3,2,2,3,0,94,95,95,-3,-2,-2,100,100,99,0
3,1,1,0,0,0,0,3,6,7,1,6,6,12,3,6,7,0,0,0,0
4,4,34,6,2,2,30,10,11,11,1,1,1,2,1,2,2,0,0,0,0
3,4,6,0,4,6,5,14,15,16,1,8,8,8,1,1,1,12,0,6,0
1,4,6,0,5,7,4,6,7,7,2,1,1,1,0,0,0,0,0,0,0
2,5,4,3,0,1,3,3,3,4,2,1,1,1,0,0,0,0,0,0,0
1,4,29,3,6,4,23,6,6,7,2,0,0,1,0,0,0,0,0,0,0
0,1,2,0,0,1,0,0,0,1,1,15,15,16,0,0,1,14,17,13,0
4,3,6,2,1,1,2,5,6,7,1,0,0,0,1,1,1,0,0,0,0
1,5,6,2,2,3,2,22,23,24,4,7,7,8,0,0,0,8,11,11,0
4,3,8,0,2,7,3,3,4,6,1,3,3,3,1,1,1,0,0,0,0
2,5,37,8,6,5,42,75,75,75,3,0,0,0,0,0,1,0,0,0,0
3,4,35,5,4,7,27,47,48,49,3,2,2,3,0,0,0,3,0,0,0
2,2,5,1,0,0,3,1,1,1,1,1,1,1,0,0,0,0,0,0,0
1,5,6,1,8,3,4,9,11,12,1,1,1,2,2,3,3,0,0,0,0
2,3,17,2,3,9,9,2,2,3,1,3,3,4,0,1,1,0,0,0,0
3,5,31,6,3,6,29,10,12,16,1,3,3,4,0,0,0,0,0,0,0
0,3,12,5,2,2,5,1,1,1,1,2,2,2,0,0,0,0,0,0,0
1,5,6,4,3,4,4,10,11,13,3,1,1,1,0,0,0,0,0,0,0
4,5,28,7,2,2,31,7,9,12,3,2,2,3,0,0,0,0,0,0,0
3,3,6,2,2,4,2,5,5,6,2,4,4,4,0,0,0,0,0,0,0
3,4,9,1,0,6,4,6,8,9,1,0,0,0,1,1,1,0,0,0,0
4,4,36,4,6,7,28,5,8,12,1,2,2,3,1,1,4,0,0,0,0
1,5,29,6,3,2,34,9,10,11,1,28,29,29,0,1,1,49,49,50,0
1,5,49,13,4,11,57,67,68,69,3,0,0,1,0,0,1,0,0,0,0
4,2,6,3,1,1,2,2,3,4,0,35,37,38,-4,-3,-2,32,33,37,0
3,2,6,2,2,1,2,6,6,9,1,10,10,11,2,2,3,1,0,0,0
4,5,4,4,1,0,2,7,7,8,2,0,0,1,0,0,0,0,0,0,0
3,3,9,2,0,4,4,5,5,7,2,2,2,3,0,0,1,0,0,0,0
2,5,2,2,0,2,0,4,5,5,2,46,46,47,0,0,0,57,49,44,0
0,4,26,6,1,10,16,2,2,2,0,1,1,2,-2,-2,-2,0,0,0,0
1,5,38,8,5,9,39,14,15,16,4,0,1,1,0,0,0,0,0,0,0
3,3,13,4,1,4,7,33,33,36,1,8,9,9,6,7,7,7,0,0,0
3,5,10,0,5,8,6,39,40,42,2,0,1,1,0,0,0,0,0,0,0
2,5,5,2,3,2,4,3,3,3,1,0,0,0,1,1,1,0,0,0,0
3,5,10,0,5,8,6,39,40,42,4,1,1,2,0,0,0,1,0,0,0
2,3,12,2,0,7,5,3,3,4,1,1,1,1,0,0,0,0,0,0,0
4,5,40,9,4,8,38,86,87,87,1,1,1,1,6,7,8,0,0,0,0
4,4,11,3,4,4,5,4,5,6,2,0,0,1,0,0,0,0,0,0,0
0,5,21,3,4,3,23,3,3,3,1,7,7,8,0,0,0,8,8,9,0
3,4,10,7,0,0,5,7,8,9,2,1,1,2,0,0,0,0,0,0,0
3,4,29,8,0,0,26,7,8,10,4,0,0,1,0,0,0,0,0,0,0
1,4,34,5,5,0,30,11,12,12,3,0,0,1,0,0,0,0,0,0,0
3,1,2,0,0,1,0,1,1,4,0,60,61,63,-4,-1,-1,59,61,61,0
4,4,2,3,0,1,0,5,6,8,1,0,0,0,1,2,2,0,0,0,0
1,4,20,6,2,2,15,21,22,23,2,14,15,15,2,2,2,22,24,24,0
4,3,4,1,2,0,1,3,4,5,0,91,92,95,-5,-4,-3,100,100,100,0
2,2,6,0,1,5,2,1,2,2,0,26,27,27,-2,-2,-1,15,25,26,0
3,5,31,6,3,6,29,10,12,16,0,6,6,7,-16,-12,-10,0,0,5,0
2,2,5,3,0,0,2,1,1,1,0,95,96,96,-1,-1,-1,100,100,100,0
0,2,6,0,1,5,2,1,1,1,2,20,21,21,0,0,0,22,22,22,0
3,1,2,0,0,1,0,1,1,2,0,25,26,26,-2,-1,-1,25,23,23,0
2,5,12,7,2,6,7,4,4,4,1,3,3,3,0,0,1,0,0,3,0
2,2,2,0,0,2,0,1,1,1,0,92,93,93,-1,-1,-1,94,92,92,0
3,4,22,2,7,12,12,7,8,13,2,2,3,3,0,0,0,0,0,0,0
1,5,6,2,1,5,2,8,9,10,1,0,1,1,3,3,3,0,0,0,0
3,3,4,1,1,2,1,24,26,29,1,27,28,28,0,0,0,49,32,32,0
1,4,7,3,0,1,5,7,7,7,2,2,2,3,0,0,0,0,0,0,0
4,5,34,9,5,2,32,6,7,8,3,1,1,1,0,0,0,0,0,0,0
4,4,16,2,4,1,11,49,50,52,1,1,1,2,14,14,15,0,0,0,0
3,4,11,2,2,7,5,27,28,30,3,4,5,6,0,0,1,0,0,0,0
3,5,23,8,2,1,21,11,12,12,3,1,1,2,0,0,0,0,0,0,0
4,4,6,1,4,1,3,4,5,6,2,1,1,3,0,0,0,0,0,0,0
3,5,23,8,2,1,21,11,12,12,2,3,4,4,0,0,0,0,0,0,0
4,5,39,6,9,13,30,68,70,73,3,0,1,1,0,0,0,0,0,0,0
3,5,12,8,3,1,7,16,17,20,1,1,1,1,2,2,3,0,0,0,0
3,4,7,2,1,4,2,16,17,18,3,1,1,2,0,0,0,0,0,0,0
1,5,2,0,0,1,2,11,12,13,2,1,1,1,0,0,0,0,0,0,0
3,5,4,2,0,2,2,10,11,11,4,1,1,1,0,0,0,0,0,3,0
0,5,4,3,0,1,2,2,2,3,2,0,0,1,0,0,0,0,0,0,0
2,5,35,8,5,10,32,93,94,94,3,0,0,0,2,2,3,0,0,0,0
4,3,9,1,2,6,4,4,4,5,3,0,0,1,0,0,0,0,0,0,0
2,5,16,4,6,6,13,5,6,6,5,0,0,1,0,0,0,0,0,0,0
0,5,21,3,4,3,23,3,3,3,3,12,13,13,0,0,0,14,14,14,0
1,4,6,3,0,3,2,6,6,7,1,0,0,0,1,2,3,0,0,0,0
4,3,9,1,2,6,4,4,4,5,0,18,18,19,-5,-4,-4,10,16,16,0
2,3,4,0,2,1,1,2,3,3,2,1,1,1,0,0,0,0,0,0,0
3,3,4,1,1,1,2,5,6,7,1,31,32,34,0,0,1,50,49,33,0
2,5,35,8,5,10,32,93,94,94,2,8,8,9,1,1,1,14,12,11,0
3,5,31,6,3,7,32,66,66,69,2,1,2,2,1,1,1,0,0,0,0
3,2,6,2,0,3,2,5,6,8,1,4,4,5,2,2,3,0,0,0,0
1,5,14,3,7,2,11,20,20,21,1,2,3,3,3,4,4,0,0,0,0
4,4,6,2,2,2,3,5,5,6,1,0,0,0,1,1,2,0,0,0,0
1,5,33,7,7,5,27,15,16,16,4,1,1,1,0,0,0,0,0,0,0
0,5,8,1,5,2,7,2,2,3,1,1,1,1,0,0,0,2,0,0,0
1,1,2,1,0,0,0,0,0,1,0,98,99,99,-1,0,0,100,100,100,0
2,4,18,4,3,1,13,8,9,9,2,0,1,1,0,0,0,0,0,0,0
1,4,2,1,0,3,0,7,9,9,1,2,3,3,1,1,2,1,0,0,0
0,4,40,7,3,6,32,2,2,2,2,1,1,1,0,0,0,0,0,0,0
1,5,20,3,5,9,18,9,10,11,2,4,4,4,0,0,0,3,6,3,0
2,2,6,0,2,4,2,4,4,4,1,0,1,1,1,1,1,0,0,0,0
3,5,26,8,2,7,22,11,13,19,0,22,24,25,-19,-13,-11,75,23,23,0
3,5,4,1,2,0,3,13,20,24,3,0,1,1,0,0,1,0,0,0,0
2,2,5,3,0,0,2,1,1,1,1,1,1,1,0,0,0,0,0,0,0
0,4,9,2,2,5,7,1,2,2,2,1,1,1,0,0,0,0,0,0,0
1,5,38,8,5,9,39,14,15,16,1,13,14,15,0,1,1,3,21,7,0
1,4,42,5,2,4,38,5,6,7,0,1,1,1,-7,-6,-5,0,0,0,0
1,5,33,7,7,5,27,15,16,16,3,1,1,1,0,0,0,0,0,0,0
2,5,5,3,3,0,3,3,4,4,1,2,3,3,0,0,0,0,0,0,0
4,5,22,3,6,2,23,5,6,8,2,1,1,1,0,0,0,0,0,0,0
4,3,8,0,3,5,3,4,6,8,2,10,10,13,0,0,0,0,15,0,0
1,5,26,6,5,7,29,9,11,12,2,1,1,1,0,0,0,0,0,0,0
4,4,6,2,5,5,4,5,7,10,1,1,1,2,0,0,1,0,0,0,0
4,2,6,3,0,0,2,3,4,4,0,93,94,95,-4,-4,-3,100,100,100,0
4,5,29,7,5,5,28,62,63,64,3,0,0,0,1,1,1,0,0,0,0
0,5,40,11,2,1,46,9,9,10,2,1,1,1,0,0,0,0,0,0,0
3,3,6,2,2,4,2,5,5,6,2,7,7,7,0,0,0,2,4,0,0
0,4,9,4,0,3,6,5,5,6,1,3,3,3,2,3,3,0,0,2,0
4,5,20,5,5,7,16,38,44,50,3,0,1,1,0,0,1,2,0,2,0
4,4,10,0,9,4,5,20,21,23,1,0,1,1,7,8,9,0,0,0,0
3,5,4,1,2,0,3,13,20,24,2,2,3,4,0,2,4,0,0,0,0
1,5,6,2,2,3,2,22,23,24,5,6,6,7,0,0,0,11,6,0,0
4,3,19,4,3,6,12,60,61,64,1,34,37,39,29,31,33,39,50,46,0
1,5,6,2,5,0,2,10,10,11,1,0,0,0,1,2,2,0,0,0,0
3,5,22,3,6,14,22,11,13,13,2,1,1,1,0,0,0,0,0,0,0
1,3,9,2,2,4,4,3,3,4,1,60,61,62,0,0,1,65,82,68,0
4,4,31,6,2,1,27,5,5,8,1,1,1,1,0,0,0,0,0,0,0
0,4,20,6,4,1,14,13,14,15,2,2,2,2,0,0,0,0,0,0,0
1,5,32,6,4,5,34,11,11,12,3,1,1,1,0,0,0,0,0,0,0
1,4,6,4,0,4,4,5,6,7,1,72,73,73,1,2,2,78,100,87,0
4,4,8,2,5,1,3,5,6,16,2,1,2,4,0,0,0,0,0,0,0
1,5,29,6,3,2,34,9,10,11,3,0,0,1,0,0,0,0,0,0,0
3,4,27,9,1,3,20,8,8,9,1,2,2,2,2,3,3,0,0,0,0
2,3,8,1,2,6,3,2,2,2,0,1,1,1,-2,-2,-2,0,0,0,0
4,5,32,9,3,7,31,67,69,72,3,1,2,2,0,0,0,0,0,1,0
3,4,6,2,2,5,3,11,14,23,1,1,1,1,2,2,4,0,0,0,0
0,4,29,9,5,1,22,1,1,2,3,0,1,1,0,0,0,0,0,0,0
3,3,6,0,2,5,2,9,10,15,1,57,61,63,0,0,0,92,100,72,0
3,4,4,1,2,1,1,9,10,19,2,0,1,1,0,0,3,0,0,0,0
3,3,4,1,1,1,2,5,6,7,2,1,1,1,0,0,0,0,0,0,0
0,5,24,5,5,8,18,59,61,62,2,0,0,0,2,2,3,0,0,0,0
1,4,42,5,2,4,38,5,6,7,2,1,2,2,0,0,0,0,0,0,0
3,1,2,0,0,1,0,0,1,1,1,89,96,97,0,1,1,100,100,100,0
3,3,4,0,0,0,3,6,7,21,1,10,11,13,1,2,8,0,0,0,0
4,3,4,1,2,0,1,2,7,12,2,0,0,1,0,0,0,0,0,0,0
4,5,39,6,9,13,30,68,70,73,1,0,1,1,10,11,13,0,0,0,0
0,4,6,0,3,6,3,1,2,2,1,1,1,1,0,0,0,0,0,0,0
1,4,18,2,1,6,13,5,6,6,1,27,28,29,0,0,1,36,25,51,0
4,2,4,0,2,2,1,2,2,3,1,55,56,57,1,1,1,61,64,60,0
4,3,6,3,0,2,2,4,5,7,2,0,1,1,0,0,0,0,0,0,0
1,5,6,3,3,0,3,9,9,10,1,0,0,0,0,0,1,0,0,0,0
1,2,2,1,1,0,0,2,3,3,1,1,1,1,1,2,2,0,0,0,0
2,2,4,0,1,2,1,1,1,1,1,3,4,4,0,0,0,0,0,2,0
1,4,6,2,3,2,2,6,6,7,2,0,0,1,0,0,0,0,0,0,0
1,5,19,4,5,5,15,10,10,11,0,1,1,2,-11,-10,-10,2,0,2,0
3,3,8,1,1,2,5,10,12,15,0,8,9,9,-15,-12,-10,1,0,9,0
3,5,27,7,8,7,23,31,32,34,3,1,2,2,0,0,0,3,0,0,0
3,3,8,3,1,1,3,4,4,5,1,11,11,12,1,2,2,0,15,0,0
2,3,6,1,3,1,2,2,2,2,2,1,2,2,0,0,0,0,0,0,0
3,5,6,2,1,3,2,34,35,38,3,1,2,2,0,0,0,3,0,0,0
0,3,10,5,2,3,4,3,4,4,3,1,1,1,0,0,0,0,0,0,0
2,4,4,1,2,1,2,3,3,4,2,0,1,1,0,0,0,0,0,0,0
3,2,6,2,3,1,2,4,5,5,0,4,5,6,-5,-5,-4,0,0,0,0
0,5,24,2,6,10,18,2,3,3,4,0,0,1,0,0,0,0,0,0,0
3,3,2,2,0,1,0,6,7,8,2,0,1,1,0,0,0,0,0,0,0
3,3,4,3,0,0,1,5,5,6,0,75,76,77,-6,-5,-5,100,100,76,0
1,5,22,7,2,4,19,10,11,11,1,3,3,4,3,3,3,0,0,0,0
4,1,2,0,1,0,0,1,1,1,0,47,48,49,-1,-1,-1,50,50,50,0
3,5,24,8,0,2,20,49,49,50,3,0,0,0,1,1,1,0,0,0,0
3,4,4,2,1,0,2,8,9,9,1,44,45,48,1,2,2,49,49,49,0
1,5,26,6,5,7,29,9,11,12,0,2,2,2,-12,-11,-9,2,0,3,0
3,5,22,2,7,5,20,92,93,94,1,0,0,1,11,11,12,0,0,0,0
1,5,38,8,5,9,39,14,15,16,4,2,2,2,0,0,0,0,0,0,0
2,5,12,7,2,6,7,4,4,4,0,0,0,0,-4,-4,-4,0,0,0,0
0,4,10,2,4,6,6,2,2,3,0,91,92,93,-3,-2,-2,100,100,100,0
1,4,27,4,5,1,20,84,85,86,2,20,21,22,2,3,3,25,24,24,0
4,3,9,1,3,4,4,3,4,5,1,1,2,4,1,1,2,0,0,0,0
2,5,25,6,4,2,22,21,23,23,2,2,3,3,1,1,1,0,0,0,0
4,2,6,0,1,5,2,7,7,8,0,88,88,88,-8,-7,-7,100,100,97,0
2,3,4,2,1,2,1,3,3,3,1,0,0,0,0,1,1,0,0,0,0
1,5,6,2,1,5,2,8,9,10,1,9,10,10,1,2,2,13,12,0,0
3,5,8,4,2,5,5,12,13,15,4,0,0,1,0,0,0,0,0,1,0
3,5,35,5,7,8,31,13,13,15,1,3,3,4,0,0,0,0,0,0,0
1,5,35,8,8,6,31,10,11,12,4,1,1,1,0,0,0,0,0,0,0
3,5,8,4,2,5,5,12,13,15,3,4,4,5,0,0,0,3,6,6,0
3,5,38,8,7,9,33,92,92,92,2,10,10,12,1,1,1,26,11,26,0
3,5,6,3,0,1,5,30,32,33,4,0,0,1,0,0,0,0,0,0,0
3,5,10,3,6,1,5,13,13,16,0,1,1,1,-16,-13,-13,1,0,1,0
3,4,6,0,4,6,5,14,15,16,2,14,15,15,0,0,0,20,11,28,0
2,4,9,8,0,0,7,5,6,6,1,2,2,2,0,0,0,0,0,0,0
2,3,10,2,3,4,4,2,2,3,2,2,2,2,0,0,0,0,0,0,0
3,4,8,1,3,2,5,8,9,10,2,4,4,4,0,0,0,0,0,0,0
3,5,27,7,8,7,23,31,32,34,4,6,6,7,0,0,0,14,13,13,0
3,5,14,1,5,9,11,18,19,20,0,3,4,4,-20,-19,-18,0,0,0,0
2,5,6,5,0,2,2,4,5,5,0,93,94,94,-5,-5,-4,100,100,100,0
4,5,4,2,0,1,3,9,10,11,2,2,2,2,0,0,0,0,0,0,0
4,5,31,10,2,5,25,43,44,45,2,0,0,0,1,1,2,0,0,0,0
3,5,9,1,5,4,6,44,48,50,2,3,3,3,0,0,0,0,0,0,0
0,1,2,0,1,0,0,0,0,0,0,50,51,52,0,0,0,50,50,50,0
2,4,10,3,6,4,9,3,4,4,1,82,83,84,0,0,0,86,94,94,0
3,1,3,1,0,0,0,1,1,2,1,1,1,2,1,1,2,0,0,0,0
0,5,6,2,3,2,4,2,3,3,1,0,0,0,0,0,1,0,0,0,0
4,4,6,4,1,0,4,5,7,8,2,2,2,3,0,0,0,0,0,0,0
1,5,6,2,5,0,2,10,10,11,1,5,5,6,0,0,1,6,6,6,0
3,2,6,0,2,4,2,5,6,12,2,15,17,19,1,1,6,0,22,25,0
4,5,24,6,6,7,22,75,76,78,1,6,7,7,2,2,2,11,0,0,0
1,5,63,11,16,14,62,93,94,95,4,2,2,2,3,3,4,0,0,0,0
3,2,6,0,3,3,2,4,5,5,1,18,19,20,2,3,3,0,25,25,0
0,5,25,6,5,10,20,2,2,3,2,3,3,3,0,0,0,0,0,0,0
4,3,4,3,0,1,1,3,4,5,1,0,0,1,0,1,1,0,0,0,0
0,5,6,5,0,2,3,2,3,3,1,1,1,1,0,0,0,0,0,0,0
4,3,4,0,3,0,1,4,6,9,1,0,1,1,1,1,4,0,0,0,0
3,5,34,13,4,2,38,10,11,24,3,1,1,1,0,0,0,0,0,0,0
4,3,6,4,0,0,2,3,4,4,1,0,1,1,1,1,1,0,0,0,0
3,1,2,1,0,0,0,1,1,4,1,1,3,7,1,1,4,0,0,0,0
3,4,21,5,5,6,14,57,59,60,1,37,42,44,1,1,1,95,50,49,0
4,3,24,6,2,11,13,4,5,7,2,1,1,2,0,0,0,0,0,0,0
1,3,14,0,7,5,7,14,14,16,2,10,11,12,1,2,2,16,18,0,0
3,2,6,1,3,2,2,6,9,12,2,35,36,36,1,3,4,50,44,44,0
4,3,3,1,0,2,0,3,3,4,1,5,6,7,1,1,1,5,0,6,0
3,5,8,4,2,5,5,12,13,15,2,3,3,3,0,0,0,3,0,3,0
3,3,2,2,0,1,0,5,5,6,1,86,87,87,1,1,2,97,100,100,0
0,4,35,3,4,8,27,1,1,2,0,8,9,10,-2,-1,-1,13,17,23,0
3,3,6,2,3,2,2,27,27,29,3,6,7,8,0,0,0,0,7,0,0
4,5,14,3,3,12,9,11,13,18,3,2,2,2,0,0,0,3,0,3,0
4,4,29,10,2,1,24,5,5,6,0,15,16,17,-6,-5,-5,22,20,26,0
4,5,35,9,3,2,34,5,6,6,2,0,0,1,0,0,0,0,0,0,0
3,4,21,5,5,6,14,57,59,60,2,4,4,4,0,0,0,0,0,0,0
0,4,8,2,3,5,5,1,2,2,2,21,22,23,0,0,0,4,45,4,0
3,5,27,6,3,5,23,10,10,11,2,1,1,1,0,0,0,0,0,0,0
2,4,7,5,0,3,4,3,3,3,2,1,1,1,0,0,0,0,0,0,0
4,5,8,3,2,2,6,8,10,11,3,1,1,2,0,0,0,0,0,0,0
4,3,9,0,2,5,5,3,4,6,2,15,16,17,0,0,0,18,18,20,0
3,4,29,4,4,2,26,7,8,10,4,1,1,1,0,0,0,0,0,0,0
3,4,24,3,5,7,17,82,82,84,2,1,2,2,2,2,3,0,0,0,0
3,5,4,2,0,0,2,12,13,14,1,1,2,2,1,1,2,0,0,0,0
0,4,25,6,2,7,14,9,10,13,3,26,28,29,0,0,0,36,36,36,0
2,4,8,3,3,0,6,3,3,3,2,1,1,2,0,0,0,0,0,0,0
3,4,23,7,5,6,14,62,65,66,2,1,1,1,3,4,4,0,0,0,0
3,5,34,11,0,3,31,56,58,63,3,0,0,1,0,0,0,0,0,0,0
1,5,6,4,3,4,4,10,11,13,2,1,1,1,0,0,0,0,0,0,0
4,5,11,2,3,5,7,6,7,9,2,1,1,2,0,0,0,0,0,0,0
1,3,8,1,4,3,3,3,3,4,2,2,2,2,0,0,0,0,0,0,0
0,2,4,0,1,2,1,0,1,1,0,36,37,37,-1,-1,0,31,37,37,0
1,2,6,2,0,2,2,2,3,3,2,1,1,2,0,0,0,0,0,0,0
0,4,7,1,2,2,5,6,7,7,3,4,4,5,0,0,0,0,0,0,0
2,4,6,0,2,8,3,3,3,3,1,1,1,1,0,0,0,0,0,0,0
1,5,6,4,0,2,4,10,11,12,2,0,0,1,0,0,0,0,0,0,0
1,5,32,8,1,3,31,38,39,41,1,0,0,0,1,1,2,0,0,0,0
2,5,26,4,10,8,23,77,79,81,3,0,0,0,0,1,1,0,0,0,0
0,5,8,5,0,2,4,2,3,3,0,0,0,0,-3,-3,-2,0,0,0,0
3,5,35,5,7,8,31,13,13,15,3,2,3,3,0,0,0,0,0,0,0
1,4,14,8,2,5,10,6,7,7,2,0,0,1,0,0,0,0,0,0,0
3,5,6,3,0,1,5,30,32,33,5,0,0,1,0,0,0,0,0,0,0
4,3,4,0,3,0,1,4,6,9,2,0,1,2,0,0,0,0,0,0,0
2,3,10,2,3,3,4,3,3,3,1,1,1,2,1,1,1,0,0,0,0
0,4,27,6,4,1,21,2,2,2,3,1,1,1,0,0,0,0,0,0,0
2,5,30,6,2,8,36,4,4,5,2,17,18,19,0,0,0,33,30,49,0
0,4,8,1,4,1,6,2,2,3,1,1,1,1,0,0,1,0,0,0,0
3,4,7,5,1,0,3,10,11,12,1,2,2,2,0,1,1,0,0,0,0
4,5,9,4,2,2,6,9,10,11,0,54,55,56,-11,-10,-9,59,81,38,0
3,3,4,0,2,3,1,22,24,24,1,56,57,58,0,0,0,76,97,60,0
3,4,4,0,2,4,1,7,8,9,1,6,6,7,0,0,0,0,0,0,0
4,3,9,0,2,5,5,3,4,6,2,2,2,3,0,0,0,0,0,0,0
2,5,10,6,0,2,4,3,4,4,1,0,0,0,0,1,1,0,0,0,0
0,3,4,1,0,0,3,1,1,2,1,0,0,1,0,0,0,0,0,0,0
4,5,36,6,5,7,31,76,78,79,2,0,0,0,4,4,4,0,0,0,0
4,5,31,10,2,5,25,43,44,45,2,0,0,1,0,0,0,0,0,0,0
4,4,9,2,2,3,4,5,6,7,2,1,1,1,0,0,0,0,0,0,0
2,5,37,8,6,5,42,75,75,75,1,3,4,4,4,4,5,0,0,4,0
4,4,6,4,1,0,4,5,7,8,1,0,0,0,1,1,1,0,0,0,0
4,4,8,2,1,2,5,5,6,8,1,4,5,5,1,1,1,0,0,0,0
3,1,2,0,0,1,0,0,0,1,1,42,43,45,0,0,1,48,45,61,0
1,5,8,0,4,4,5,24,26,26,2,0,0,0,2,2,2,0,0,0,0
1,4,25,6,6,6,16,7,7,7,3,3,3,4,0,0,0,0,0,0,0
4,4,8,2,3,3,4,6,8,13,2,6,6,6,0,0,0,7,7,7,0
2,5,40,6,9,8,35,84,85,85,3,0,0,0,2,2,2,0,0,0,0
2,5,48,11,6,2,43,9,11,12,3,0,1,1,0,0,0,0,0,0,0
1,4,4,2,0,1,2,6,7,7,0,2,2,2,-7,-7,-6,0,0,0,0
4,5,32,9,3,7,31,67,69,72,2,0,0,0,0,1,1,0,0,0,0
3,3,4,1,1,1,2,5,6,7,0,6,7,9,-7,-6,-5,0,100,0,0
2,3,8,1,2,6,3,3,3,3,2,1,1,1,0,0,0,0,0,0,0
4,5,20,5,5,7,16,38,44,50,1,0,1,1,0,0,1,0,0,0,0
3,3,4,0,0,1,3,7,15,15,3,1,2,5,0,1,2,0,0,0,0
3,5,35,5,7,8,31,13,13,15,0,1,2,2,-15,-13,-13,0,0,0,0
2,2,4,0,2,2,1,1,1,1,1,36,36,37,0,0,0,38,40,50,0
1,5,6,2,2,3,2,22,23,24,3,6,7,7,0,0,0,8,6,6,0
3,5,4,1,2,0,3,13,20,24,1,1,1,1,0,0,0,0,0,0,0
2,4,36,4,3,0,33,23,24,25,0,34,35,37,-25,-24,-23,50,50,50,0
3,4,4,2,0,0,4,7,7,9,0,68,69,71,-9,-7,-7,100,100,100,0
3,5,10,0,5,8,6,39,40,42,2,0,1,1,0,0,0,0,0,0,0
2,5,26,4,10,8,23,77,79,81,1,2,2,2,30,32,34,0,0,0,0
4,2,6,1,1,2,3,3,18,21,0,38,41,46,-21,-18,-3,40,50,49,0
4,4,11,3,4,4,5,4,5,6,2,0,0,1,0,0,0,0,0,0,0
0,4,32,8,0,2,30,2,2,3,1,50,51,52,0,0,0,77,50,81,0
0,4,19,6,2,0,14,2,2,2,1,1,2,2,0,0,0,0,0,0,0
1,5,6,4,0,2,4,10,11,11,1,0,0,1,0,0,1,0,0,0,0
0,2,4,1,1,2,1,2,2,4,2,23,23,24,0,0,0,24,25,27,0
0,3,8,1,2,5,3,2,2,3,1,0,0,0,0,0,1,0,0,0,0
0,3,6,0,1,6,2,1,1,1,1,13,15,15,0,0,0,15,17,0,0
2,5,25,5,5,3,18,42,46,48,2,14,15,16,0,0,0,38,38,38,0
4,3,6,0,2,5,2,3,4,5,1,0,0,0,1,1,2,0,0,0,0
2,5,30,6,2,8,36,4,4,5,1,1,2,2,1,1,1,0,0,0,0
1,5,5,0,4,2,2,18,19,20,4,1,1,1,0,0,0,0,0,0,0
1,5,6,4,0,2,4,10,11,12,2,2,2,2,0,0,0,0,0,0,0
0,3,8,3,2,3,3,1,1,2,3,20,21,21,0,0,0,22,25,24,0
4,3,19,3,5,2,11,6,6,10,1,77,78,79,0,1,1,100,100,84,0
1,4,32,10,1,3,27,6,6,7,2,1,1,1,0,0,0,0,0,0,0
0,5,17,5,5,2,15,2,3,3,0,74,75,75,-3,-3,-2,100,83,99,0
3,5,13,5,0,7,8,9,11,17,2,0,1,1,0,0,0,0,0,0,0
2,5,4,1,3,3,1,3,4,4,0,14,16,18,-4,-4,-3,0,17,12,0
4,3,4,0,4,0,1,3,4,5,0,23,24,25,-5,-4,-3,25,25,25,0
2,2,6,1,1,4,2,1,1,2,0,13,14,15,-2,-1,-1,5,17,17,0
3,5,9,1,5,4,6,44,48,50,1,0,0,0,3,4,5,0,0,0,0
1,5,14,5,2,7,10,38,39,40,3,2,2,2,0,0,0,1,3,3,0
1,3,2,2,1,0,0,4,4,4,1,55,56,58,1,1,1,49,60,49,0
3,4,2,0,0,2,1,7,8,13,3,1,1,1,0,0,0,0,0,0,0
2,2,4,0,2,0,1,3,4,4,1,23,25,25,2,2,3,25,24,25,0
2,5,8,1,6,7,6,4,4,5,1,1,1,1,0,0,0,0,0,0,0
3,4,30,6,5,4,23,10,23,25,1,3,5,5,2,2,3,0,0,0,0
1,5,20,3,5,9,18,9,10,11,4,2,2,3,0,0,0,1,0,3,0
2,4,18,2,5,6,11,9,10,11,4,1,2,2,0,0,0,0,0,0,0
4,3,11,6,0,1,6,3,3,4,2,2,2,3,0,0,0,0,0,0,0
2,5,37,8,6,5,42,75,75,75,3,2,3,3,0,0,0,4,0,1,0
4,2,4,0,2,2,1,2,3,4,1,1,1,2,1,2,3,0,0,0,0
2,1,2,0,0,1,0,0,0,0,0,9,9,10,0,0,0,4,12,2,0
3,3,13,4,1,4,7,33,33,36,1,6,6,6,8,8,9,0,0,0,0
3,5,28,9,5,6,26,57,58,59,1,0,0,0,5,5,6,0,0,0,0
4,5,32,9,3,7,31,67,69,72,2,1,1,1,0,0,0,0,0,0,0
3,5,27,7,8,7,23,31,32,34,3,2,2,2,0,0,0,0,0,0,0
3,5,6,2,1,3,2,34,35,38,4,1,2,2,0,0,0,0,0,3,0
4,2,2,2,0,0,0,3,3,3,1,1,1,1,1,1,2,0,0,0,0
1,5,26,4,3,3,26,77,78,79,3,1,1,1,1,1,1,0,0,0,0
4,2,6,0,2,3,2,3,4,5,1,11,11,11,1,1,1,7,12,0,0
1,2,6,0,1,5,2,2,3,3,0,39,40,41,-3,-3,-2,50,39,42,0
1,3,9,1,2,3,4,10,10,11,3,0,0,1,0,0,0,0,0,0,0
1,3,9,1,2,3,4,10,10,11,1,21,22,22,1,1,1,25,28,25,0
0,3,4,1,0,0,3,1,1,2,1,0,1,1,0,0,1,0,0,0,0
2,5,32,8,5,11,27,4,4,4,0,0,0,0,-4,-4,-4,0,0,0,0
0,4,6,0,3,6,3,1,2,2,2,1,1,1,0,0,0,0,0,0,0
2,2,2,0,1,1,0,1,1,1,0,2,3,3,-1,-1,-1,0,0,0,0
2,4,29,2,5,9,22,15,16,17,2,2,2,2,0,0,0,0,0,0,0
1,5,19,4,6,7,14,10,10,12,1,27,28,29,0,0,0,44,36,50,0
3,5,26,8,2,7,22,11,13,19,2,5,6,6,0,0,0,0,0,0,0
2,2,6,1,3,2,2,2,2,2,0,47,48,48,-2,-2,-2,50,50,50,0
2,5,23,7,0,4,22,4,4,5,3,1,1,1,0,0,0,0,0,0,0
4,4,8,2,3,2,3,4,5,5,3,1,1,1,0,0,0,0,0,0,0
4,2,6,1,0,3,2,3,4,14,1,1,1,2,1,1,2,0,0,0,0
3,1,3,0,0,1,0,1,5,6,1,5,7,10,1,5,6,4,0,6,0
2,3,9,1,2,5,4,2,3,3,1,9,9,10,1,1,1,7,12,0,0
1,4,8,5,0,1,5,5,5,6,1,0,1,1,0,0,1,0,0,0,0
1,5,24,3,10,4,18,14,16,17,4,3,3,4,0,0,0,0,0,0,0
4,3,4,0,3,2,1,4,4,6,0,1,1,1,-6,-4,-4,0,0,0,0
2,3,4,2,0,1,1,2,2,3,1,0,0,0,1,1,1,0,0,0,0
2,1,2,0,0,1,0,0,0,0,0,7,8,8,0,0,0,0,7,4,0
2,1,2,0,0,1,0,0,0,0,1,95,95,95,0,0,0,100,100,100,0
1,3,8,2,1,3,3,4,4,4,1,0,0,0,0,1,1,0,0,0,0
0,5,21,7,3,0,18,2,2,3,1,1,1,1,0,0,0,0,0,0,0
4,5,26,7,2,6,25,46,53,55,4,1,2,2,0,0,0,0,0,0,0
0,3,24,4,6,7,14,1,1,1,2,11,12,12,0,0,0,13,13,13,0
0,3,10,5,2,3,4,3,4,4,1,4,4,4,0,0,0,0,0,6,0
4,4,5,0,1,5,2,5,6,17,2,0,0,1,0,0,0,0,0,0,0
2,5,38,6,9,5,36,82,84,85,1,4,5,5,8,10,12,0,9,4,0
2,4,8,2,2,8,5,3,3,3,2,0,0,1,0,0,0,0,0,0,0
1,5,20,3,5,9,18,9,10,11,2,1,1,2,0,0,0,1,0,2,0
2,5,43,10,0,4,48,3,3,4,5,0,1,1,0,0,0,0,0,0,0
4,4,23,2,6,2,17,6,7,8,4,0,0,1,0,0,0,0,0,0,0
3,4,29,4,4,2,26,7,8,10,2,1,1,2,0,0,0,0,0,0,0
2,5,20,3,5,11,18,34,38,39,3,1,1,1,0,0,0,2,0,5,0
4,4,2,3,0,1,0,5,6,8,2,0,0,1,0,0,0,0,0,0,0
3,4,8,2,2,2,4,8,8,10,2,1,1,1,0,0,0,0,0,0,0
2,5,43,10,0,4,48,3,3,4,4,2,2,2,0,0,0,0,0,0,0
1,5,36,5,8,7,36,9,10,10,1,13,13,14,0,1,1,49,50,50,0
1,5,32,8,1,3,31,38,39,41,2,4,5,5,0,0,0,0,0,1,0
4,5,34,9,5,2,32,6,7,8,3,1,1,1,0,0,0,0,0,0,0
0,5,28,6,4,3,27,31,33,34,2,0,0,1,1,1,2,0,0,0,0
4,3,5,1,0,2,3,5,7,11,2,0,0,1,0,0,0,0,0,0,0
3,5,62,12,3,4,62,89,90,90,1,3,3,4,3,3,3,5,0,0,0
0,4,7,1,3,3,3,2,2,3,1,20,21,22,0,0,0,21,21,24,0
0,4,4,2,0,0,4,2,2,2,1,1,2,2,0,0,0,0,0,0,0
2,3,7,0,3,4,3,2,2,3,0,50,51,52,-3,-2,-2,50,50,50,0
2,4,17,2,4,0,15,3,4,4,1,3,3,3,0,0,0,0,0,0,0
1,4,4,2,0,1,2,6,7,7,2,1,1,1,0,0,0,0,0,0,0
2,5,32,8,5,11,27,4,4,4,1,1,2,2,0,0,0,0,0,0,0
3,4,2,0,1,1,1,7,7,7,1,1,1,2,2,2,3,0,0,0,0
3,5,6,2,1,3,2,34,35,38,2,2,2,2,0,0,1,0,0,2,0
0,5,35,6,7,8,34,68,68,70,4,1,1,1,0,0,0,0,0,0,0
3,5,6,5,0,1,2,10,11,12,1,0,0,0,1,2,2,0,0,0,0
2,3,9,2,0,4,4,2,2,3,0,0,0,1,-3,-2,-2,0,0,0,0
1,5,49,13,4,11,57,67,68,69,3,1,2,2,1,1,1,0,0,0,0
3,4,30,6,5,4,23,10,23,25,1,1,2,2,0,0,0,0,0,0,0
3,3,4,0,3,0,1,8,8,9,1,28,29,30,0,0,1,49,44,25,0
1,1,2,1,0,0,0,1,1,1,1,0,1,1,1,1,1,0,0,0,0
1,4,2,1,1,1,0,6,7,7,1,35,36,37,0,0,1,50,34,34,0
2,4,18,2,5,6,11,9,10,11,3,2,2,3,0,0,0,0,0,0,0
2,5,36,10,8,3,27,40,41,43,2,2,3,3,0,0,0,9,0,3,0
4,5,44,6,4,8,44,58,60,62,1,3,3,4,2,3,3,8,0,0,0
4,5,32,9,3,7,31,67,69,72,2,14,16,16,1,1,1,32,50,23,0
1,5,10,4,5,6,6,30,30,30,2,3,4,4,0,0,1,1,0,0,0
0,1,2,0,0,1,0,0,0,0,1,65,66,67,0,0,0,69,66,68,0
2,5,52,10,10,9,50,4,4,5,4,13,14,14,0,0,0,0,40,0,0
2,4,24,3,6,10,14,3,3,3,1,0,0,1,1,1,1,0,0,0,0
2,1,2,0,1,0,0,0,0,0,0,50,51,51,0,0,0,50,50,50,0
3,4,22,7,2,4,15,28,29,32,2,1,2,2,3,4,5,0,0,0,0
4,4,17,3,2,1,12,22,23,24,3,2,2,3,0,0,0,0,0,0,0
4,5,8,3,2,2,6,8,10,11,4,1,1,2,0,0,0,0,0,0,0
3,5,10,1,6,9,6,10,11,13,3,2,3,3,0,0,0,2,3,0,0
2,3,12,2,0,7,5,3,3,4,0,7,8,8,-4,-3,-3,0,5,5,0
2,3,7,3,1,2,3,2,3,4,0,7,8,9,-4,-3,-2,5,8,0,0
2,4,7,5,0,3,4,3,3,3,2,1,1,1,0,0,0,0,0,0,0
0,2,6,2,0,2,3,0,1,1,0,2,3,3,-1,-1,0,0,0,0,0
2,3,4,2,0,0,2,2,3,3,1,1,1,1,1,1,1,0,0,0,0
0,3,10,2,3,6,4,1,2,2,1,59,60,61,0,0,1,65,69,82,0
3,3,8,3,3,1,3,21,22,24,1,25,27,27,2,2,2,45,37,25,0
0,5,22,8,1,2,19,40,41,42,2,0,0,0,0,0,1,0,0,0,0
1,5,6,4,3,4,4,10,11,13,2,1,2,2,0,0,0,0,0,3,0
4,2,2,1,1,0,0,3,4,12,1,1,1,1,1,2,3,0,0,0,0
3,4,6,1,3,4,5,7,8,8,1,8,8,9,1,1,2,0,0,0,0
4,5,4,2,2,0,2,5,5,6,2,18,18,19,0,0,0,24,24,24,0
2,1,2,0,1,0,0,0,0,0,1,43,44,46,0,0,0,49,49,49,0
2,5,10,6,0,2,4,3,4,4,1,6,6,7,0,0,0,6,7,0,0
0,4,4,1,0,0,3,2,2,2,1,1,1,1,0,0,1,0,0,0,0
3,5,4,2,1,1,2,9,9,10,2,4,4,4,0,0,0,0,0,0,0
4,5,24,6,6,7,22,75,76,78,4,0,0,0,1,1,2,0,0,0,0
2,3,3,1,1,1,1,2,3,3,0,40,41,43,-3,-3,-2,41,37,37,0
0,4,9,4,0,3,6,5,5,6,2,0,1,1,0,0,0,0,0,0,0
3,4,4,2,0,0,3,8,11,11,1,1,2,2,1,2,2,0,0,0,0
1,2,6,0,1,5,2,2,3,3,1,45,46,47,1,1,2,40,50,50,0
3,1,3,1,0,0,0,3,5,12,1,2,3,8,3,5,12,0,0,0,0
3,1,2,0,0,1,0,1,1,2,0,45,46,47,-2,-1,-1,43,44,41,0
1,5,63,11,16,14,62,93,94,95,3,1,2,3,3,3,4,0,0,0,0
2,5,30,6,2,8,36,4,4,5,2,1,1,2,0,0,0,0,0,0,0
4,5,9,4,2,2,6,9,10,11,1,1,1,1,0,0,0,0,0,0,0
0,3,8,1,3,4,3,1,1,1,0,2,2,3,-1,-1,-1,0,0,0,0
1,5,23,5,5,4,22,10,12,13,2,1,1,1,0,0,0,0,0,0,0
1,2,6,1,2,3,2,3,3,3,0,95,96,96,-3,-3,-3,100,100,100,0
4,3,6,1,4,1,2,4,4,5,2,0,0,1,0,0,0,0,0,0,0
4,5,22,5,4,5,22,56,57,60,1,0,1,1,3,3,3,0,0,1,0
1,4,6,3,0,3,2,6,6,7,2,63,63,64,0,0,0,81,74,74,0
4,4,4,1,1,0,3,7,9,10,1,1,1,2,2,2,4,0,0,0,0
3,5,9,4,1,3,6,11,12,13,1,0,1,1,2,2,3,0,0,0,0
2,3,7,3,1,2,3,2,3,4,1,0,0,0,0,1,2,0,0,0,0
2,2,4,2,1,1,1,1,1,1,1,47,48,50,0,0,0,50,49,50,0
2,1,2,0,0,1,0,0,0,0,0,5,5,6,0,0,0,0,7,0,0
3,4,4,1,0,2,2,7,8,8,1,0,0,0,1,1,1,0,0,0,0
0,4,17,3,5,4,11,2,2,2,2,1,1,2,0,0,0,0,0,0,0
1,5,7,2,1,2,5,11,13,13,4,1,1,1,0,0,0,0,0,0,0
0,5,46,10,9,9,41,74,75,76,5,1,1,1,0,0,0,0,0,0,0
4,3,11,3,5,2,5,20,21,23,2,3,3,4,0,0,1,1,0,0,0
2,5,55,15,1,5,68,3,4,4,2,4,4,4,0,0,0,0,49,0,0
1,3,2,1,1,1,0,3,4,4,1,47,47,48,1,1,2,50,49,49,0
2,2,4,0,0,4,1,1,1,1,1,0,0,1,1,1,1,0,0,0,0
0,4,33,2,8,1,29,32,34,35,1,1,2,2,3,3,4,0,0,0,0
3,4,4,1,2,1,1,7,8,8,0,63,65,65,-8,-8,-7,95,100,100,0
3,4,9,6,0,2,6,10,16,20,4,0,0,2,0,0,1,0,0,0,0
1,5,9,3,1,7,6,12,13,13,4,3,4,4,0,0,0,4,6,4,0
4,2,4,0,2,2,1,2,2,3,0,27,27,28,-3,-2,-2,22,25,35,0
1,5,36,5,8,7,36,9,10,10,1,0,0,0,2,3,3,0,0,0,0
0,3,10,2,1,7,4,6,6,7,0,45,46,48,-7,-6,-6,45,54,54,0
0,4,19,6,2,0,14,2,2,2,3,0,0,1,0,0,0,0,0,0,0
3,4,6,0,4,6,5,14,15,16,2,10,10,11,0,0,0,3,12,6,0
3,3,6,3,0,2,2,20,22,23,3,1,3,4,2,3,3,0,0,0,0
1,5,9,3,2,6,5,10,12,13,2,48,49,50,0,0,0,57,59,59,0
1,5,14,3,7,2,11,20,20,21,2,2,3,3,1,1,1,0,0,0,0
1,3,6,3,0,1,2,3,3,4,1,19,19,21,0,0,0,23,25,18,0
1,5,8,5,0,2,5,12,14,16,3,2,2,2,0,0,0,0,0,0,0
1,5,20,3,5,9,18,9,10,11,1,2,2,3,2,2,3,2,0,4,0
1,4,22,5,0,4,19,6,7,8,2,9,10,10,0,0,0,3,11,0,0
2,5,30,8,2,0,37,4,5,5,1,1,1,2,0,0,0,0,0,0,0
2,4,9,2,1,6,6,3,3,4,1,1,1,1,0,0,0,0,0,0,0
4,4,8,2,3,3,4,6,8,13,1,21,23,25,1,1,1,27,24,24,0
1,4,22,5,0,4,19,6,7,8,2,1,1,1,0,0,0,0,0,0,0
4,5,29,7,5,5,28,62,63,64,3,2,2,3,0,0,0,0,0,0,0
2,4,4,1,1,1,2,3,3,3,2,0,0,1,0,0,0,0,0,0,0
1,4,13,8,1,1,7,15,17,17,2,0,0,0,2,2,3,0,0,0,0
4,5,6,3,2,1,3,5,6,6,2,0,0,1,0,0,0,0,0,0,0
2,4,19,3,6,1,15,3,3,3,1,36,37,38,0,0,0,57,50,50,0
2,4,4,2,0,0,3,3,4,4,1,1,1,1,0,0,0,0,0,0,0
4,3,23,3,6,7,14,22,24,25,1,51,52,54,2,2,3,84,36,68,0
3,1,2,0,1,0,0,0,1,1,1,46,47,47,0,1,1,49,49,49,0
1,5,4,1,2,0,4,9,10,11,1,2,2,2,1,1,1,0,0,0,0
1,5,38,2,11,13,30,61,62,63,2,0,0,0,1,1,1,0,0,0,0
1,3,8,0,0,9,3,3,4,4,1,2,2,3,1,1,2,0,0,0,0
1,5,49,13,4,11,57,67,68,69,2,2,2,3,1,1,1,0,0,0,0
1,5,4,2,0,1,3,9,9,10,3,0,1,1,0,0,0,0,0,0,0
3,2,2,1,0,1,0,9,10,12,1,28,29,30,3,3,3,15,37,29,0
4,2,6,3,1,0,2,2,2,3,2,0,1,1,0,0,0,0,0,0,0
3,2,5,2,0,0,3,6,6,7,0,71,73,74,-7,-6,-6,100,100,100,0
4,3,4,0,3,0,1,4,6,9,1,40,43,45,0,0,1,49,49,49,0
1,4,27,4,5,1,20,84,85,86,2,0,1,1,1,2,2,0,0,0,0
3,5,9,1,5,4,6,44,48,50,2,37,38,40,0,0,0,63,49,50,0
3,5,9,1,5,4,6,44,48,50,3,1,1,1,0,0,0,0,0,0,0
1,5,38,8,5,9,39,14,15,16,3,1,1,1,0,0,0,0,0,0,0
3,5,24,7,2,5,23,44,46,48,2,1,1,1,0,0,0,0,0,0,0
0,5,6,4,3,1,3,2,3,3,1,1,1,1,0,0,0,0,0,0,0
3,4,25,3,5,9,15,7,8,9,1,9,10,10,1,2,2,8,8,8,0
2,5,20,3,5,11,18,34,38,39,2,4,4,5,2,3,3,3,6,6,0
2,5,38,9,2,7,41,3,3,4,3,1,1,2,0,0,0,0,0,0,0
3,5,4,2,1,1,2,9,9,10,2,1,1,1,0,0,0,0,0,0,0
2,2,6,2,0,3,2,1,1,1,1,46,47,49,0,0,1,48,49,49,0
2,4,22,2,2,3,18,2,3,3,3,1,1,1,0,0,0,0,0,0,0
4,5,4,2,3,0,1,5,6,7,1,0,1,1,1,2,2,0,0,0,0
3,5,9,1,5,4,6,44,48,50,5,1,1,1,0,0,0,0,0,0,0
4,4,7,6,0,1,4,4,5,7,1,1,1,2,0,0,0,0,0,0,0
4,1,2,0,1,0,0,1,1,1,0,48,50,51,-1,-1,-1,50,50,50,0
1,2,6,0,2,4,2,2,2,2,0,8,9,10,-2,-2,-2,2,9,0,0
0,1,2,0,0,1,0,0,0,0,0,86,87,88,0,0,0,88,86,87,0
4,1,3,1,0,0,0,2,3,7,0,92,96,98,-7,-3,-2,100,100,100,0
1,4,6,0,4,4,2,5,6,7,3,1,1,1,0,0,0,0,0,0,0
2,5,48,11,6,2,43,9,11,12,4,1,1,1,0,0,0,0,0,0,0
3,5,9,4,1,3,6,11,12,13,2,0,0,1,0,0,0,0,0,0,0
2,5,4,3,0,1,3,3,3,4,0,7,8,8,-4,-3,-3,0,7,0,0
2,5,26,4,10,8,23,77,79,81,3,0,0,1,0,0,0,0,0,0,0
4,4,28,4,4,8,19,32,33,35,0,56,58,58,-35,-33,-32,100,100,67,0
2,2,6,0,1,3,2,1,1,2,2,31,31,32,0,0,0,37,32,30,0
3,3,8,3,1,1,3,4,4,5,1,1,1,1,0,0,1,0,0,0,0
3,2,4,2,0,2,1,15,15,18,1,12,12,13,5,6,6,19,0,0,0
3,5,10,3,6,1,5,13,13,16,2,2,2,2,0,0,0,1,0,1,0
0,5,35,10,0,4,40,33,34,35,1,3,4,4,2,2,3,0,0,0,0
1,4,42,5,2,4,38,5,6,7,4,3,4,4,0,0,0,0,0,0,0
3,5,14,2,3,7,11,34,35,36,2,6,6,7,0,0,0,3,14,14,0
1,3,6,4,0,0,2,3,3,3,1,1,1,1,0,0,1,0,0,0,0
3,4,10,4,2,5,5,7,7,8,0,0,0,1,-8,-7,-7,0,0,0,0
2,3,8,4,2,0,3,2,3,3,2,1,1,1,0,0,0,0,0,0,0
4,1,2,0,0,1,0,1,1,1,0,32,33,34,-1,-1,-1,31,33,30,0
1,5,49,13,4,11,57,67,68,69,5,0,1,1,0,0,0,0,0,0,0
1,5,7,3,5,2,4,11,11,12,1,0,0,0,0,0,1,0,0,0,0
3,2,3,1,0,1,0,23,25,28,2,1,2,3,1,1,2,0,0,0,0
1,4,4,1,3,0,1,6,6,8,0,46,47,48,-8,-6,-6,50,50,50,0
1,2,3,1,0,1,1,2,2,3,1,2,2,3,1,1,2,4,0,0,0
4,5,36,6,5,7,31,76,78,79,3,1,1,1,1,2,2,0,0,0,0
4,2,6,0,3,3,2,6,7,8,2,3,4,4,0,0,0,0,0,0,0
3,5,22,3,6,14,22,11,13,13,4,1,1,1,0,0,0,0,0,0,0
1,5,10,1,4,10,6,15,16,19,1,0,0,0,1,2,2,0,0,0,0
0,5,4,1,2,2,1,3,3,4,1,0,0,0,0,0,1,0,0,0,0
2,4,7,2,0,3,2,3,3,4,0,84,85,85,-4,-3,-3,87,100,86,0
2,1,2,0,1,0,0,0,0,0,1,46,47,48,0,0,0,49,50,50,0
1,2,6,0,2,4,2,2,2,2,1,59,60,62,1,1,1,60,56,72,0
3,4,27,5,2,4,22,8,10,12,2,1,1,1,0,0,0,0,0,0,0
1,5,14,3,7,2,11,20,20,21,1,22,23,24,3,3,4,49,49,49,0
3,1,2,1,0,0,0,1,1,4,1,1,1,1,1,1,4,0,0,0,0
4,4,7,2,3,3,4,7,7,8,1,3,4,4,1,2,2,4,0,0,0
3,1,2,0,0,1,0,1,1,1,0,26,27,27,-1,-1,-1,24,23,23,0
0,5,2,1,2,1,0,2,3,3,3,21,22,22,0,0,0,24,24,24,0
1,2,2,1,1,0,0,2,3,3,0,50,51,51,-3,-3,-2,50,50,50,0
1,1,1,0,0,0,0,1,1,2,0,97,98,98,-2,-1,-1,100,100,100,0
4,5,39,10,4,9,44,10,12,14,2,0,1,1,0,0,0,0,0,0,0
2,1,2,0,0,1,0,0,0,0,1,46,47,47,0,0,0,49,48,44,0
3,4,10,2,2,3,6,9,9,10,0,6,7,7,-10,-9,-9,3,0,4,0
0,5,6,2,3,2,4,2,3,3,1,1,1,1,0,0,0,1,0,0,0
4,4,20,6,0,3,16,41,43,49,1,2,3,3,3,4,4,0,0,0,0
2,4,8,2,2,8,5,3,3,3,1,2,2,3,1,1,1,0,0,0,0
0,4,10,4,3,3,5,2,2,3,1,3,4,4,0,0,0,0,0,0,0
3,2,4,0,1,3,1,6,8,8,0,66,66,67,-8,-8,-6,100,100,69,0
4,3,11,3,5,2,5,20,21,23,1,0,0,0,10,11,13,0,0,0,0
4,4,9,2,2,3,4,5,6,7,1,0,0,0,1,2,2,0,0,0,0
4,5,8,6,1,1,4,5,6,7,1,0,0,0,0,0,1,0,0,0,0
1,2,6,0,2,4,2,2,2,2,1,0,0,0,0,0,1,0,0,0,0
2,3,9,2,0,4,4,2,2,3,1,0,0,1,1,1,1,0,0,0,0
3,5,24,8,0,2,20,49,49,50,1,1,1,1,1,1,1,0,0,0,0
1,5,36,5,8,7,36,9,10,10,2,7,7,7,0,0,0,0,39,0,0
3,5,9,4,1,3,6,11,12,13,2,0,0,1,0,0,0,0,0,0,0
1,4,37,9,0,6,32,6,7,7,3,1,1,1,0,0,0,0,0,0,0
4,4,23,2,6,2,17,6,7,8,1,1,1,2,1,2,2,0,0,0,0
0,4,26,6,1,10,16,2,2,2,2,0,0,1,0,0,0,0,0,0,0
1,5,24,8,0,5,19,9,10,11,1,2,2,3,2,2,3,1,0,1,0
4,2,6,0,2,4,2,2,2,4,0,91,93,93,-4,-2,-2,99,100,100,0
2,3,7,3,1,2,3,2,3,4,1,6,7,7,0,1,1,5,4,4,0
4,1,3,0,0,1,0,1,1,2,1,1,1,1,1,1,2,0,0,0,0
3,4,11,3,4,6,7,10,10,11,1,5,5,5,2,2,3,0,0,0,0
2,4,31,9,3,4,25,3,3,3,1,2,2,2,0,0,1,0,0,0,0
3,2,6,1,0,1,3,6,8,8,0,13,14,17,-8,-8,-6,0,14,0,0
3,3,13,1,6,5,6,12,12,13,0,3,3,4,-13,-12,-12,0,0,0,0
3,5,4,3,0,2,1,12,13,14,1,67,68,70,0,0,0,92,100,100,0
1,4,14,8,2,5,10,6,7,7,3,2,2,2,0,0,0,0,0,0,0
1,3,4,0,3,2,1,4,4,4,1,0,0,0,0,1,1,0,0,0,0
3,5,8,4,2,5,5,12,13,15,4,1,1,1,0,0,0,1,0,1,0
4,5,36,6,4,8,33,92,93,93,2,20,21,21,3,4,4,33,32,32,0
3,4,6,1,3,4,5,7,8,8,1,0,1,1,0,1,1,0,0,0,0
3,2,2,1,0,1,0,5,6,13,0,8,9,13,-13,-6,-5,0,0,0,0
2,5,40,6,9,8,35,84,85,85,2,0,0,0,2,2,2,0,0,0,0
2,5,30,8,2,0,37,4,5,5,2,0,0,1,0,0,0,0,0,0,0
4,5,12,4,5,6,7,6,6,7,2,1,1,2,0,0,0,0,0,0,0
1,4,14,8,2,5,10,6,7,7,0,35,35,35,-7,-7,-6,100,49,50,0
1,5,35,8,8,6,31,10,11,12,3,5,5,5,0,0,0,0,39,0,0
3,5,31,6,3,7,32,66,66,69,3,0,0,0,0,1,1,0,0,0,0
3,3,2,0,0,1,1,4,5,5,2,2,2,2,0,0,0,0,0,0,0
3,5,22,3,6,14,22,11,13,13,2,2,2,3,0,0,0,0,0,0,0
1,5,26,4,3,3,26,77,78,79,3,0,0,1,1,1,1,0,0,0,0
1,5,6,4,3,0,4,10,11,12,1,0,0,0,2,2,3,0,0,0,0
0,4,10,2,4,6,6,2,2,3,1,0,1,1,0,0,0,0,0,0,0
2,4,5,1,3,1,2,2,3,3,1,0,0,1,0,1,1,0,0,0,0
0,3,14,2,3,5,7,1,1,1,0,3,4,4,-1,-1,-1,0,0,0,0
0,5,34,10,6,3,37,62,63,64,3,0,1,1,0,1,1,0,0,0,0
1,4,6,0,5,7,4,6,7,7,2,1,1,1,0,0,0,0,0,0,0
1,3,8,4,1,2,4,4,4,5,2,1,1,1,0,0,0,0,0,0,0
0,2,6,1,1,4,2,0,1,1,2,1,1,1,0,0,0,0,0,0,0
2,4,10,3,6,4,9,3,4,4,1,1,1,2,1,2,2,0,0,0,0
1,4,10,5,2,2,6,7,7,8,3,1,2,2,0,0,0,0,0,0,0
1,5,35,8,8,6,31,10,11,12,3,2,2,2,0,0,0,0,0,0,0
1,5,43,8,1,9,46,51,52,54,3,1,2,2,1,1,1,0,0,0,0
2,5,5,3,3,0,3,3,4,4,0,46,47,48,-4,-4,-3,49,50,50,0
1,4,22,5,0,4,19,6,7,8,1,0,0,0,2,2,2,0,0,0,0
3,5,10,1,6,9,6,10,11,13,2,5,5,5,0,0,0,3,0,0,0
3,5,31,6,3,6,29,10,12,16,2,1,2,2,0,0,0,0,0,0,0
3,4,24,7,3,1,18,58,60,61,1,0,0,1,3,4,4,0,0,0,0
4,2,6,0,1,5,2,2,2,3,1,2,3,4,1,1,1,0,0,0,0
1,5,27,7,2,4,25,21,21,24,1,27,28,31,2,2,3,48,49,51,0
4,4,4,1,1,0,3,7,9,10,0,44,45,47,-10,-9,-7,50,50,50,0
2,4,18,2,5,6,11,9,10,11,1,4,5,5,0,0,0,2,0,1,0
2,5,23,7,0,4,22,4,4,5,1,1,1,1,0,0,0,0,0,0,0
1,2,2,0,0,2,0,3,3,3,2,44,44,45,0,0,0,49,44,44,0
2,4,11,2,3,5,8,3,3,4,1,0,0,0,0,0,1,0,0,0,0
0,5,28,6,7,2,27,48,49,51,1,0,1,1,3,3,4,0,0,0,0
1,5,28,7,5,9,22,49,51,51,3,0,0,1,0,0,0,0,0,0,0
3,4,7,5,1,0,3,10,11,12,2,1,1,1,0,0,0,0,0,0,0
1,3,10,1,4,3,4,3,3,4,3,21,22,25,0,0,0,28,28,24,0
2,3,2,0,1,2,0,2,2,2,1,5,5,5,0,0,0,0,7,7,0
3,5,62,12,3,4,62,89,90,90,2,2,2,3,2,2,3,0,0,0,0
1,4,6,0,5,7,4,6,7,7,0,15,17,17,-7,-7,-6,18,18,18,0
4,5,34,9,5,2,32,6,7,8,1,1,1,1,1,1,2,0,0,0,0
3,2,6,0,2,4,2,5,6,12,1,8,8,8,1,1,3,0,0,0,0
3,2,6,0,1,5,2,5,6,7,2,11,12,12,0,0,1,0,14,11,0
1,5,20,3,5,9,18,9,10,11,4,2,3,3,0,0,0,3,3,3,0
2,5,5,3,1,1,2,4,4,5,1,32,34,35,0,0,0,33,33,32,0
1,5,9,3,1,7,6,12,13,13,3,16,17,18,0,0,0,22,22,27,0
0,4,7,2,3,2,4,3,3,3,1,1,1,1,0,0,1,0,0,0,0
4,3,19,3,5,2,11,6,6,10,2,1,1,2,0,1,4,0,0,0,0
0,5,6,5,0,2,3,2,3,3,1,0,1,1,0,0,1,0,0,0,0
0,2,6,3,0,1,2,1,1,1,1,49,50,52,0,0,0,51,50,50,0
0,4,33,2,8,1,29,32,34,35,2,0,0,1,1,1,1,0,0,0,0
2,5,23,5,2,2,25,4,4,5,1,13,14,15,1,1,1,20,30,0,0
1,4,6,2,3,2,2,6,6,7,2,47,47,49,0,0,0,49,49,49,0
4,3,4,1,0,1,2,3,4,4,1,1,1,2,1,1,2,0,0,0,0
1,3,4,0,0,1,3,3,3,4,1,84,85,87,0,0,0,93,94,99,0
2,5,38,9,2,7,41,3,3,4,2,0,1,1,0,0,0,0,0,0,0
0,5,40,11,2,1,46,9,9,10,3,0,1,1,0,0,0,0,0,0,0
2,5,55,15,1,5,68,3,4,4,0,6,7,7,-4,-4,-3,0,49,49,0
1,5,4,3,0,1,2,11,12,12,1,1,1,2,1,2,2,0,0,0,0
1,5,27,7,2,4,25,21,21,24,1,1,2,2,2,3,3,0,0,0,0
0,5,34,10,6,3,37,62,63,64,2,2,2,3,2,2,3,0,0,0,0
4,2,6,1,3,2,2,3,5,14,1,1,2,3,1,3,12,0,0,0,0
3,3,10,1,3,4,4,5,5,6,3,0,0,1,0,0,0,0,0,0,0
3,5,27,6,6,6,27,11,12,13,2,3,3,4,0,0,0,0,0,0,0
0,4,9,3,3,5,5,1,2,2,2,0,0,1,0,0,0,0,0,0,0
1,5,2,0,0,1,2,11,12,13,1,0,0,0,2,2,3,0,0,0,0
1,4,27,4,5,1,20,84,85,86,1,4,4,5,0,1,1,0,0,0,0
3,5,20,6,1,2,22,50,52,54,3,2,2,2,0,0,0,0,0,0,0
4,3,12,2,4,6,5,23,25,26,1,42,43,43,7,7,8,43,92,43,0
4,4,6,3,2,4,3,3,3,4,0,5,5,6,-4,-3,-3,0,0,0,0
1,5,19,4,5,5,15,10,10,11,2,0,1,1,0,0,0,0,0,0,0
1,4,4,2,2,0,2,7,7,7,1,0,0,1,0,0,1,0,0,0,0
3,4,2,2,0,2,0,12,16,17,1,2,3,3,0,0,0,0,0,0,0
4,5,35,9,3,2,34,5,6,6,2,28,29,31,0,0,0,30,48,86,0
3,4,4,0,4,0,2,10,14,22,1,3,4,5,2,4,5,0,0,5,0
3,3,4,0,0,1,3,7,15,15,0,56,63,66,-15,-15,-7,91,100,100,0
4,5,7,2,0,4,4,8,10,12,2,18,18,19,0,0,0,21,24,23,0
3,4,12,3,2,6,6,10,15,23,2,1,2,2,0,0,0,3,0,0,0
1,5,9,3,1,7,6,12,13,13,2,1,2,2,0,0,0,0,0,0,0
4,5,20,1,7,8,16,25,25,26,4,1,2,2,0,0,0,0,0,0,0
4,5,20,5,5,7,16,38,44,50,2,3,3,4,1,1,1,5,5,5,0
4,2,6,0,1,5,2,2,3,3,2,1,1,2,0,0,0,0,0,0,0
2,5,30,6,2,8,36,4,4,5,2,1,2,2,0,0,0,0,0,0,0
3,2,3,0,0,2,1,4,5,5,1,26,27,27,2,2,3,21,27,23,0
0,5,10,2,4,7,5,2,3,3,3,2,2,3,0,0,0,0,0,0,0
4,5,10,3,5,9,8,8,8,9,2,1,1,1,0,0,0,0,0,0,0
4,5,36,6,4,8,33,92,93,93,2,9,10,11,6,7,8,10,31,12,0
3,5,62,12,3,4,62,89,90,90,3,1,1,2,1,1,2,0,0,0,0
1,3,8,2,1,3,3,4,4,4,1,0,0,0,1,2,2,0,0,0,0
3,5,7,2,3,2,3,10,11,11,3,6,6,8,0,0,0,0,7,7,0
3,5,10,3,6,1,5,13,13,16,4,6,6,6,0,0,0,6,8,6,0
1,5,14,5,2,7,10,38,39,40,4,3,3,4,0,0,0,5,3,4,0
0,4,20,6,4,1,14,13,14,15,2,0,0,1,2,2,3,0,0,0,0
2,5,43,10,0,4,48,3,3,4,2,3,4,4,0,0,0,7,46,0,0
2,2,6,1,0,1,3,1,1,1,1,1,2,2,1,1,1,0,0,0,0
4,5,6,3,2,1,3,5,6,6,1,57,58,60,0,0,0,68,66,100,0
4,5,28,8,4,0,25,5,6,8,2,3,3,4,0,0,0,0,0,0,0
1,1,2,1,0,0,0,0,1,1,0,98,98,99,-1,-1,0,100,100,100,0
3,4,4,0,5,0,2,9,10,10,1,30,31,32,1,2,2,44,44,50,0
4,5,29,7,5,5,28,62,63,64,4,1,1,2,0,0,0,0,0,0,0
4,5,6,3,1,6,3,5,6,8,1,0,1,1,0,1,1,0,0,0,0
4,4,8,2,1,2,5,5,6,8,1,0,0,0,0,1,1,0,0,0,0
3,4,4,0,4,0,2,10,14,22,2,1,2,3,0,1,3,0,0,0,0
3,4,22,2,7,12,12,7,8,13,2,9,10,10,0,0,0,25,21,21,0
3,4,7,1,4,3,5,9,10,11,1,39,40,42,1,2,2,45,50,0,0
4,2,6,0,1,5,2,7,7,8,1,2,3,3,4,5,6,0,0,0,0
2,1,2,0,0,1,0,0,0,0,1,2,3,3,0,0,0,3,0,0,0
3,5,20,6,1,2,22,50,52,54,2,1,1,1,0,0,0,0,0,3,0
0,5,31,6,2,5,28,2,2,3,2,0,0,1,0,0,0,0,0,0,0
3,4,22,2,7,12,12,7,8,13,3,2,3,3,0,0,0,0,0,0,0
1,2,2,1,0,1,0,2,2,3,1,0,0,0,2,2,2,0,0,0,0
1,5,6,4,0,2,4,10,11,12,1,6,7,7,2,3,3,0,0,0,0
3,5,27,7,8,7,23,31,32,34,3,1,2,2,0,0,0,4,0,0,0
3,4,4,0,1,1,3,8,10,22,1,1,1,1,3,3,4,0,0,0,0
1,5,20,3,5,9,18,9,10,11,2,2,2,2,0,0,0,4,0,2,0
3,4,6,2,2,5,3,11,14,23,2,22,23,23,0,0,0,34,33,24,0
2,4,2,0,2,2,0,3,4,4,2,2,3,3,0,0,0,3,0,3,0
4,5,39,6,9,13,30,68,70,73,3,1,2,2,0,0,1,0,0,0,0
0,5,6,2,3,2,4,2,3,3,3,0,0,1,0,0,0,0,0,0,0
4,4,26,4,3,3,21,5,5,5,3,2,2,3,0,0,0,2,0,5,0
0,4,4,2,0,0,2,2,2,3,0,95,95,96,-3,-2,-2,100,100,100,0
3,4,22,7,2,4,15,28,29,32,3,4,5,5,0,0,0,0,0,0,0
1,5,35,8,8,6,31,10,11,12,3,3,4,4,0,0,0,0,39,0,0
1,5,14,3,7,2,11,20,20,21,4,0,0,1,0,0,0,0,0,0,0
1,5,23,5,5,4,22,10,12,13,1,36,37,39,0,0,1,88,50,49,0
3,3,9,2,0,4,4,5,5,7,1,6,7,7,1,1,1,0,4,4,0
4,4,34,8,1,1,28,18,18,20,4,0,1,1,0,0,0,0,0,0,0
0,1,2,0,0,1,0,0,0,0,0,59,59,61,0,0,0,59,61,61,0
0,4,7,1,2,2,5,6,7,7,0,1,2,2,-7,-7,-6,48,0,48,0
0,3,5,0,4,0,1,5,5,6,2,21,23,24,0,0,0,24,25,24,0
4,5,5,5,0,0,2,6,6,7,1,1,1,1,1,1,1,0,0,0,0
2,4,8,3,2,2,5,3,3,3,1,1,1,1,0,1,1,0,0,0,0
2,5,9,2,1,6,9,4,5,5,1,3,3,3,1,1,1,0,0,0,0
0,5,6,3,1,3,2,2,3,3,0,45,46,46,-3,-3,-2,47,50,47,0
3,5,62,12,3,4,62,89,90,90,3,1,1,1,2,2,3,0,0,0,0
3,4,35,5,4,7,27,47,48,49,1,10,10,10,10,11,12,12,23,23,0
4,3,11,3,5,2,5,20,21,23,2,5,6,6,1,2,3,0,0,0,0
1,5,35,8,8,6,31,10,11,12,1,2,2,2,3,3,3,0,0,0,0
3,5,23,8,2,1,21,11,12,12,1,44,45,46,0,0,0,100,100,50,0
4,4,7,2,1,3,3,6,7,7,3,51,51,52,0,0,0,49,56,56,0
2,5,36,10,8,3,27,40,41,43,2,16,16,17,1,1,1,10,25,25,0
3,5,34,13,4,2,38,10,11,24,1,20,22,23,2,2,3,46,50,30,0
1,3,10,2,2,6,4,3,4,4,1,1,1,2,1,1,1,0,0,0,0
3,4,21,5,5,6,14,57,59,60,2,9,9,10,0,0,0,4,12,6,0
1,2,4,0,2,0,1,2,2,2,0,96,96,96,-2,-2,-2,100,100,100,0
3,5,8,4,2,5,5,12,13,15,5,0,1,1,0,0,0,0,0,1,0
3,4,25,3,5,9,15,7,8,9,2,5,5,5,0,0,0,8,0,0,0
2,3,6,2,0,3,2,2,2,3,1,0,0,0,1,1,1,0,0,0,0
0,5,24,5,5,8,18,59,61,62,1,0,1,1,7,7,7,0,0,0,0
4,4,31,6,2,1,27,5,5,8,2,0,1,1,0,0,0,0,0,0,0
4,3,2,2,0,1,0,4,4,5,2,1,2,3,0,0,0,0,0,0,0
4,3,5,1,1,2,2,4,4,5,1,6,6,6,1,1,1,1,4,5,0
2,4,36,4,3,0,33,23,24,25,1,6,7,7,3,4,4,0,0,0,0
4,5,11,2,3,5,7,6,7,9,5,8,8,9,0,0,0,14,12,0,0
4,3,4,2,1,1,1,5,6,8,1,1,1,1,1,2,2,0,0,0,0
4,5,22,5,4,5,22,56,57,60,3,1,1,2,1,2,2,0,0,0,0
1,4,37,13,0,2,31,5,5,6,2,1,1,1,0,0,0,0,0,0,0
1,5,28,7,5,9,22,49,51,51,2,1,1,2,0,0,0,0,0,2,0
3,5,7,5,1,0,3,11,13,16,2,2,2,2,0,0,0,0,0,0,0
3,5,10,1,6,9,6,10,11,13,1,5,5,5,3,3,4,3,0,0,0
4,4,9,2,4,2,5,8,9,12,1,1,2,3,2,2,2,0,0,0,0
1,5,38,8,5,9,39,14,15,16,3,1,1,1,0,0,0,0,0,0,0
1,5,24,3,10,4,18,14,16,17,2,1,1,1,0,0,0,0,0,0,0
4,4,7,2,1,3,3,6,7,7,1,1,1,1,1,2,2,0,0,0,0
0,4,7,1,2,2,5,6,7,7,2,37,37,39,0,0,0,0,49,49,0
4,4,36,4,6,7,28,5,8,12,2,2,3,3,0,0,0,0,0,0,0
4,3,6,3,0,1,2,4,4,4,0,7,7,8,-4,-4,-4,0,100,0,0
2,3,2,2,0,1,0,2,2,2,1,1,1,1,0,0,1,0,0,0,0
3,4,25,2,4,9,19,13,13,14,2,3,4,4,0,0,0,2,0,0,0
2,4,29,2,5,9,22,15,16,17,3,0,0,1,0,0,0,0,0,0,0
1,4,35,7,6,4,26,64,66,67,1,0,1,1,4,4,5,0,0,0,0
2,3,4,0,1,0,3,2,2,2,0,54,55,56,-2,-2,-2,50,50,50,0
4,3,6,1,4,1,2,4,4,5,2,0,1,1,0,0,0,0,0,0,0
2,5,25,4,7,11,21,56,56,61,2,2,2,3,1,1,1,0,0,3,0
4,3,6,1,3,3,2,7,9,15,2,6,6,7,0,0,0,5,7,5,0
4,4,34,8,1,1,28,18,18,20,1,47,48,51,0,0,1,50,100,100,0
4,5,36,6,5,7,31,76,78,79,4,0,0,0,1,1,1,0,0,0,0
0,5,22,8,1,2,19,40,41,42,0,1,2,2,-42,-41,-40,0,0,0,0
4,4,5,0,1,5,2,5,6,17,2,27,28,29,0,0,0,34,32,32,0
3,5,22,2,7,5,20,92,93,94,2,1,1,1,0,1,1,0,0,0,0
3,4,11,3,2,9,6,33,35,36,1,12,13,14,5,5,5,28,15,15,0
2,3,2,0,1,2,0,2,2,2,3,38,40,41,0,0,0,49,43,41,0
4,2,2,1,1,0,0,3,4,12,0,49,51,52,-12,-4,-3,50,50,50,0
1,4,4,2,2,0,2,7,7,7,1,1,1,1,1,2,2,0,0,0,0
4,3,4,1,2,2,1,6,9,11,1,1,1,1,2,2,3,0,0,0,0
3,4,4,0,5,0,2,9,10,10,1,8,9,10,2,2,3,0,12,8,0
3,5,10,0,5,8,6,39,40,42,2,12,13,14,0,0,0,26,30,30,0
2,5,4,2,1,1,2,4,4,4,1,34,37,38,0,0,0,38,33,42,0
0,2,2,1,0,1,0,0,1,1,1,96,97,97,0,0,0,100,100,100,0
1,3,8,2,1,3,3,4,4,4,2,1,1,1,0,0,0,0,0,0,0
2,4,9,1,2,6,4,7,7,8,3,15,16,16,0,0,0,20,17,17,0
1,1,2,1,0,0,0,1,1,1,1,1,1,1,1,1,1,0,0,0,0
4,5,44,6,4,8,44,58,60,62,3,1,1,1,0,0,0,0,0,0,0
2,1,2,0,0,1,0,0,0,0,0,75,75,76,0,0,0,76,77,74,0
3,4,6,3,0,3,2,10,14,18,1,26,28,28,1,1,1,35,30,30,0
4,1,2,0,0,1,0,1,1,2,1,95,95,96,1,1,2,100,100,100,0
2,5,36,10,8,3,27,40,41,43,3,1,1,1,0,0,0,0,0,0,0
4,2,3,1,0,0,1,3,4,5,1,1,1,2,1,1,2,0,0,0,0
4,5,11,5,2,3,8,18,20,25,4,3,3,4,0,0,0,4,0,4,0
3,4,10,2,2,3,6,9,9,10,1,1,2,2,2,2,2,0,0,0,0
2,4,7,4,0,1,3,6,6,6,2,0,0,0,1,1,1,0,0,0,0
4,5,9,4,2,2,6,9,10,11,2,1,1,2,0,0,0,0,0,0,0
4,4,5,0,1,5,2,5,6,17,1,14,15,15,1,3,14,15,15,15,0
0,5,40,11,2,1,46,9,9,10,1,1,1,1,1,1,1,0,0,0,0
0,4,8,2,1,4,3,2,2,2,0,1,1,1,-2,-2,-2,0,0,0,0
0,2,4,1,1,2,1,2,2,4,1,26,27,28,0,0,0,24,27,27,0
4,4,6,2,2,2,3,5,5,6,3,1,1,1,0,0,0,0,0,0,0
2,1,2,0,0,1,0,0,0,0,0,96,96,97,0,0,0,96,99,100,0
3,2,2,1,0,1,0,5,6,13,1,70,86,86,1,1,2,100,100,97,0
0,3,4,0,2,1,1,1,1,1,1,0,0,1,0,0,0,0,0,0,0
3,5,9,1,5,4,6,44,48,50,1,0,0,0,1,1,1,0,0,0,0
4,4,6,0,3,3,2,8,10,11,1,0,1,1,1,1,2,0,0,0,0
4,2,2,0,0,0,1,2,2,2,1,1,1,1,0,1,1,0,0,0,0
2,5,8,2,3,11,6,4,4,5,2,1,1,2,0,0,0,0,0,0,0
3,5,22,3,6,14,22,11,13,13,2,5,6,6,0,0,0,0,12,0,0
1,5,9,3,1,7,6,12,13,13,4,1,1,1,0,0,0,0,0,0,0
4,2,6,0,1,5,2,1,2,3,1,2,2,3,0,0,1,0,0,0,0
0,5,32,11,2,3,31,2,2,3,1,1,1,1,0,0,0,0,0,0,0
1,1,2,0,0,1,0,1,1,1,1,3,3,4,1,1,1,2,0,0,0
3,4,4,2,1,0,2,8,9,9,1,3,3,4,1,1,2,0,0,0,0
1,2,6,0,2,4,2,2,3,3,1,1,1,2,0,1,1,0,0,0,0
3,4,2,0,1,2,0,9,11,13,4,0,0,1,0,0,0,0,0,0,0
3,5,9,1,5,4,6,44,48,50,4,1,2,2,0,0,0,0,0,0,0
3,4,2,0,0,2,1,7,8,13,4,1,2,2,0,0,0,0,0,0,0
0,5,46,10,9,9,41,74,75,76,3,0,1,1,0,0,0,0,0,0,0
2,3,8,3,1,1,4,2,3,3,2,36,37,38,0,0,0,41,43,43,0
2,2,2,2,0,0,0,1,1,1,1,1,1,1,0,0,1,0,0,0,0
3,5,6,2,1,3,2,34,35,38,3,1,1,1,0,0,0,0,0,0,0
4,5,12,4,5,6,7,6,6,7,1,0,0,0,0,1,1,0,0,0,0
2,4,14,4,3,6,6,3,3,4,1,15,15,15,0,0,0,9,13,15,0
4,3,4,1,2,0,1,3,3,4,0,94,95,95,-4,-3,-3,100,100,100,0
3,4,24,7,3,1,18,58,60,61,2,0,0,1,3,4,4,0,0,0,0
3,5,31,6,3,7,32,66,66,69,3,0,0,0,0,1,1,0,0,0,0
4,4,4,0,0,2,3,8,10,12,1,70,73,74,0,0,1,83,100,100,0
2,3,4,0,2,2,1,2,3,3,1,2,2,2,0,0,0,0,0,0,0
3,4,7,5,1,0,3,10,11,12,4,1,1,1,0,0,0,0,0,0,0
4,4,6,2,5,5,4,5,7,10,2,0,1,1,0,0,0,0,0,0,0
2,2,2,0,0,2,0,1,1,1,1,5,5,6,1,1,1,4,7,7,0
3,3,8,3,2,0,3,12,12,13,2,0,1,1,1,2,2,0,0,0,0
4,4,34,8,1,1,28,18,18,20,0,25,26,27,-20,-18,-18,50,29,29,0
4,1,4,0,0,2,0,1,1,1,1,6,7,7,1,1,1,4,7,6,0
2,1,2,0,0,1,0,0,0,0,1,89,90,90,0,0,0,97,95,95,0
3,5,31,4,8,7,27,76,77,78,3,2,2,3,1,1,1,0,0,0,0
0,2,6,0,4,2,2,4,5,5,1,8,9,9,1,1,1,12,12,0,0
3,4,22,7,2,4,15,28,29,32,1,3,4,4,7,7,8,0,0,0,0
4,4,12,6,2,1,10,5,6,9,2,2,2,3,0,0,0,0,0,0,0
4,3,11,3,5,2,5,20,21,23,1,1,1,1,1,2,2,0,0,0,0
0,5,6,7,1,0,3,2,2,3,0,44,45,46,-3,-2,-2,50,50,50,0
4,5,39,10,4,9,44,10,12,14,3,2,2,2,0,0,0,1,0,0,0
2,4,29,6,4,9,20,83,84,85,3,1,2,2,5,5,5,0,0,0,0
4,4,8,2,1,2,5,5,6,8,4,1,2,3,0,0,0,0,0,0,0
1,2,4,0,1,3,1,3,4,4,0,48,49,50,-4,-4,-3,49,49,49,0
3,4,12,3,2,6,6,10,15,23,2,0,0,1,0,0,0,0,0,0,0
2,4,18,3,4,6,11,5,6,7,1,3,3,4,1,2,2,3,0,0,0
3,4,22,5,3,8,15,47,49,53,2,16,17,19,0,0,1,44,24,24,0
3,5,14,2,3,7,11,34,35,36,2,7,8,9,0,0,0,7,12,14,0
3,3,18,1,4,8,10,5,7,8,2,6,7,7,0,0,0,1,0,0,0
