Avg_inverted_error,Avg_inverted_error_25,Avg_inverted_error_50,Avg_inverted_error_75,Avg_odds_ratio,Num_1Q_Gates,Num_2Q_Gates,circuit_depth,circuit_width,observed_prob_25,observed_prob_50,observed_prob_75,state_weight,target
75.07,37.22,38.64,41.19,1.29,100,120,119,12,3.03,3.22,3.42,2,3.52
77.29,37.9,41.55,41.76,1.14,100,120,119,12,3.03,3.12,3.22,2,1.37
76.13,33.42,40.62,40.98,1.2,100,120,119,12,4.2,4.4,4.59,2,8.2
75.37,34.48,34.16,42.53,1.74,100,120,119,12,3.1,3.56,4.03,2,6.45
75.75,36.6,38.94,39.97,1.13,100,120,119,12,4.13,4.25,4.37,5,6.93
71.89,41.9,39.89,41.33,1.0,100,120,119,12,3.12,3.12,3.12,3,1.46
74.56,33.75,40.26,43.16,1.05,100,120,119,12,3.76,3.81,3.86,1,3.81
75.6,35.83,40.76,44.88,1.21,100,120,119,12,2.47,2.59,2.71,1,0.2
74.85,38.87,38.87,42.6,1.07,100,120,119,12,3.08,3.12,3.17,1,0.78
76.9,38.87,39.46,43.44,1.09,100,120,119,12,2.2,2.25,2.3,4,2.64
76.59,36.53,37.75,43.99,1.04,100,120,119,12,5.52,5.57,5.62,4,10.06
74.78,43.99,39.97,41.69,1.1,100,120,119,12,4.1,4.2,4.3,3,7.42
74.93,34.32,40.76,43.72,1.03,100,120,119,12,3.34,3.37,3.39,3,3.52
71.75,38.27,37.37,41.76,1.24,100,120,119,12,3.1,3.27,3.44,2,4.1
76.51,38.27,39.6,40.83,1.3,100,120,119,12,2.93,3.12,3.32,4,4.59
77.29,37.22,36.45,39.46,1.08,100,120,119,12,2.59,2.64,2.69,2,0.0
75.45,36.83,37.22,42.74,1.18,100,120,119,12,4.78,4.98,5.18,2,10.74
76.36,36.83,41.69,41.4,1.63,100,120,119,12,2.03,2.3,2.56,4,0.59
79.06,38.2,39.67,41.76,1.11,100,120,119,12,2.71,2.78,2.86,2,2.44
76.9,34.24,36.99,41.83,1.24,100,120,119,12,3.1,3.27,3.44,3,2.44
73.9,35.51,39.75,41.26,1.69,100,120,119,12,2.39,2.73,3.08,1,0.68
77.06,38.5,41.4,47.64,1.11,100,120,119,12,2.71,2.78,2.86,3,0.98
77.53,36.99,32.59,42.46,1.07,100,120,119,12,2.98,3.03,3.08,2,2.54
77.45,39.01,38.27,43.51,1.24,100,120,119,12,2.69,2.83,2.98,3,0.1
75.15,36.76,40.98,39.23,1.04,100,120,119,12,2.56,2.59,2.61,3,0.2
80.57,42.88,37.9,41.9,1.0,100,120,119,12,2.25,2.25,2.25,1,0.88
77.92,39.09,40.33,43.65,1.11,100,120,119,12,2.81,2.88,2.95,4,4.88
75.83,36.99,43.16,42.67,1.05,100,120,119,12,4.35,4.4,4.44,3,2.73
74.63,35.83,39.23,41.97,1.03,100,120,119,12,3.83,3.86,3.88,2,3.81
75.75,38.64,40.11,40.83,1.03,100,120,119,12,2.95,2.98,3.0,3,0.0
74.33,38.27,36.83,39.38,1.15,100,120,119,12,2.03,2.1,2.17,3,0.39
77.06,38.5,40.62,41.62,1.59,100,120,119,12,2.56,2.88,3.2,0,1.56
74.93,52.97,46.7,47.3,1.07,106,109,159,11,4.18,4.25,4.32,2,0.49
76.67,53.54,47.44,47.7,1.04,106,109,159,11,5.32,5.37,5.42,2,0.39
67.66,52.9,46.1,46.77,1.23,106,109,159,11,2.78,2.93,3.08,1,0.0
69.96,52.2,46.84,49.8,1.13,106,109,159,11,6.44,6.64,6.84,3,0.59
69.34,53.48,46.17,46.77,1.16,106,109,159,11,2.54,2.64,2.73,2,0.0
69.68,53.74,45.76,47.3,1.01,106,109,159,11,34.94,35.01,35.08,4,95.9
74.26,53.86,46.84,48.49,1.08,106,109,159,11,2.69,2.73,2.78,0,0.0
70.92,54.06,48.3,49.74,1.15,106,109,159,11,5.15,5.32,5.49,2,0.59
70.37,52.78,46.1,48.63,1.0,106,109,159,11,6.54,6.54,6.54,3,1.07
76.44,51.55,48.17,45.15,1.22,106,109,159,11,4.52,4.74,4.96,1,0.29
70.43,53.1,47.77,48.23,1.12,106,109,159,11,2.61,2.69,2.76,2,0.0
69.41,53.03,46.57,49.48,1.57,106,109,159,11,2.22,2.49,2.76,1,0.0
69.61,52.97,46.97,47.3,1.2,106,109,159,11,7.35,7.67,7.98,3,0.68
68.2,52.01,47.83,48.43,1.16,106,109,159,11,2.54,2.64,2.73,2,0.0
66.93,53.61,46.97,48.76,1.02,106,109,159,11,4.32,4.35,4.37,3,0.0
75.67,53.86,47.24,48.95,1.0,106,109,159,11,3.03,3.03,3.03,1,0.0
28.07,22.83,26.12,25.82,1.34,3,16,20,12,1.59,1.71,1.83,1,0.0
29.46,24.37,26.12,26.52,1.07,3,16,20,12,42.87,43.26,43.65,0,51.37
26.32,24.37,25.82,26.42,1.05,3,16,20,12,39.26,39.55,39.84,5,48.63
27.78,26.52,24.69,27.4,1.51,3,16,20,12,1.1,1.22,1.34,1,0.0
28.63,25.41,25.62,26.22,1.15,3,16,20,12,2.03,2.1,2.17,1,0.0
25.1,25.41,23.94,27.01,2.11,3,16,20,12,1.49,1.81,2.12,4,0.0
25.1,25.31,25.62,25.72,1.39,3,16,20,12,1.39,1.51,1.64,4,0.0
27.59,24.9,27.78,27.01,1.25,3,16,20,12,1.24,1.32,1.39,4,0.0
26.92,25.31,23.94,27.11,1.0,3,16,20,12,0.1,0.1,0.1,2,0.0
27.01,24.9,25.92,25.92,1.5,3,16,20,12,0.44,0.49,0.54,2,0.0
28.16,25.82,24.69,27.4,1.25,3,16,20,12,0.42,0.44,0.46,3,0.0
28.63,25.72,25.72,26.22,1.0,3,16,20,12,0.68,0.68,0.68,3,0.0
27.97,25.52,27.01,26.32,1.45,3,16,20,12,0.98,1.07,1.17,1,0.0
27.31,25.92,24.47,28.54,1.31,3,16,20,12,2.1,2.25,2.39,4,0.0
25.72,26.02,24.9,25.72,1.1,3,16,20,12,2.0,2.05,2.1,4,0.0
28.07,23.83,27.97,26.32,2.51,3,16,20,12,0.27,0.34,0.42,3,0.0
26.92,24.58,24.47,26.42,1.07,3,16,20,12,1.39,1.42,1.44,1,0.0
26.42,26.22,28.44,27.11,1.0,3,16,20,12,0.1,0.1,0.1,2,0.0
27.69,24.69,25.1,26.22,1.0,3,16,20,12,0.1,0.1,0.1,3,0.0
26.92,23.72,27.11,26.82,1.0,3,16,20,12,0.19,0.19,0.19,2,0.0
27.01,25.72,24.9,27.69,1.0,3,16,20,12,0.1,0.1,0.1,2,0.0
26.92,26.12,25.1,26.92,1.0,3,16,20,12,0.1,0.1,0.1,3,0.0
29.37,26.02,27.31,28.26,1.0,3,16,20,12,0.1,0.1,0.1,2,0.0
27.31,24.58,27.31,25.62,3.01,3,16,20,12,0.15,0.19,0.24,2,0.0
27.21,25.82,26.22,26.32,0.0,3,16,20,12,0.0,0.0,0.0,3,0.0
26.32,25.31,25.92,26.52,0.0,3,16,20,12,0.0,0.0,0.0,3,0.0
27.69,23.72,25.62,26.82,2.0,3,16,20,12,0.12,0.15,0.17,3,0.0
25.92,24.69,25.1,27.01,4.01,3,16,20,12,0.17,0.24,0.32,2,0.0
75.67,37.29,42.46,45.36,1.36,100,132,130,12,4.98,5.37,5.76,2,9.96
76.82,37.22,43.16,39.46,1.27,100,132,130,12,2.39,2.54,2.69,2,6.25
74.56,37.14,44.47,47.7,3.16,100,132,130,12,1.64,2.2,2.76,3,0.59
75.45,40.04,42.95,39.38,1.26,100,132,130,12,2.08,2.2,2.32,2,0.0
74.93,38.35,44.2,41.19,1.39,100,132,130,12,3.1,3.37,3.64,2,1.56
74.7,35.9,45.22,41.83,1.87,100,132,130,12,2.25,2.64,3.03,3,0.49
78.32,33.67,45.15,41.76,1.17,100,132,130,12,3.15,3.27,3.39,0,0.2
76.05,38.87,44.61,41.48,1.54,100,132,130,12,2.1,2.34,2.59,3,3.91
75.3,39.01,42.88,41.4,1.12,100,132,130,12,2.61,2.69,2.76,1,4.69
77.37,32.93,41.69,40.55,1.06,100,132,130,12,5.54,5.62,5.69,3,13.77
76.44,43.3,43.3,40.26,1.18,100,132,130,12,4.27,4.44,4.61,1,6.93
76.44,25.72,40.4,41.48,1.73,100,132,130,12,1.95,2.25,2.54,3,1.17
74.78,35.43,44.47,39.67,1.09,100,132,130,12,5.59,5.71,5.84,3,12.6
74.85,36.68,42.95,41.05,1.07,100,132,130,12,1.39,1.42,1.44,2,0.0
77.13,37.82,43.44,42.53,1.32,100,132,130,12,1.68,1.81,1.93,1,0.59
76.59,43.37,42.39,41.69,1.08,100,132,130,12,2.69,2.73,2.78,4,1.56
72.96,33.83,40.33,43.3,1.59,100,132,130,12,2.34,2.64,2.93,3,2.54
74.85,39.16,43.65,40.55,1.34,100,132,130,12,4.96,5.32,5.69,4,10.94
76.28,25.31,41.9,41.26,1.16,100,132,130,12,2.54,2.64,2.73,3,2.64
74.93,33.99,43.23,39.75,1.07,100,132,130,12,1.49,1.51,1.54,2,0.0
77.84,38.57,43.37,41.69,1.05,100,132,130,12,2.17,2.2,2.22,1,0.0
75.67,33.34,43.44,46.37,1.11,100,132,130,12,2.9,2.98,3.05,1,1.86
76.82,33.18,40.9,41.76,1.17,100,132,130,12,2.44,2.54,2.64,5,0.2
76.28,38.87,42.95,40.98,1.57,100,132,130,12,2.0,2.25,2.49,4,0.2
75.15,32.34,43.92,40.9,1.37,100,132,130,12,4.25,4.59,4.93,2,9.38
75.98,37.9,43.92,45.49,1.24,100,132,130,12,3.1,3.27,3.44,3,0.29
75.22,33.75,42.81,40.11,1.61,100,132,130,12,3.69,4.15,4.61,3,1.86
74.41,36.45,45.09,44.54,1.16,100,132,130,12,4.76,4.93,5.1,2,4.2
74.12,37.82,42.11,41.62,1.19,100,132,130,12,2.76,2.88,3.0,4,0.1
75.52,37.82,42.04,44.75,1.05,100,132,130,12,2.17,2.2,2.22,4,0.2
75.3,25.72,44.34,41.9,1.0,100,132,130,12,2.25,2.25,2.25,2,0.0
75.9,27.11,44.34,41.05,1.47,100,132,130,12,2.39,2.64,2.88,2,1.37
44.06,21.08,24.69,24.47,1.04,60,24,45,10,35.3,35.55,35.79,2,42.97
41.9,21.92,26.22,27.01,1.1,60,24,45,10,17.92,18.26,18.6,1,24.12
43.65,19.71,25.21,28.26,1.33,60,24,45,10,6.52,6.98,7.45,1,2.54
43.09,20.22,27.5,24.58,1.17,60,24,45,10,11.55,11.96,12.38,2,14.16
42.18,20.72,26.22,26.52,1.11,60,24,45,10,10.01,10.25,10.5,0,8.98
43.02,23.06,28.07,24.69,1.1,60,24,45,10,4.4,4.49,4.59,2,3.52
41.48,20.34,24.15,24.05,1.26,60,24,45,10,4.57,4.83,5.1,3,1.27
42.53,19.84,26.62,23.17,1.16,60,24,45,10,7.4,7.67,7.94,1,2.44
33.59,21.08,22.26,23.17,1.08,22,18,34,9,36.4,36.86,37.33,1,42.58
32.68,23.17,22.03,22.61,1.01,22,18,34,9,39.14,39.21,39.28,1,45.8
34.08,22.83,23.39,22.95,1.17,22,18,34,9,12.87,13.33,13.79,0,5.57
35.36,19.84,22.15,23.72,1.24,22,18,34,9,10.38,10.89,11.4,2,6.05
36.68,24.9,26.42,22.83,1.01,24,12,28,10,82.35,82.37,82.4,3,100.0
36.14,22.72,25.62,24.37,1.14,24,12,28,10,5.25,5.42,5.59,2,0.0
36.53,22.38,22.95,22.95,1.07,24,12,28,10,1.49,1.51,1.54,1,0.0
37.75,22.15,26.82,22.72,1.16,24,12,28,10,3.96,4.1,4.25,2,0.0
36.76,22.61,23.61,24.05,1.09,24,12,28,10,1.1,1.12,1.15,1,0.0
37.14,24.69,25.82,24.47,1.3,24,12,28,10,3.25,3.47,3.69,2,0.0
34.32,24.05,26.02,23.94,1.04,24,12,28,10,2.47,2.49,2.51,1,0.0
35.75,21.68,24.69,23.61,2.26,24,12,28,10,0.51,0.64,0.76,0,0.0
90.14,72.18,78.32,69.21,1.04,307,372,489,12,2.56,2.59,2.61,2,0.0
92.03,71.97,75.0,69.82,1.1,307,372,489,12,3.1,3.17,3.25,4,8.3
91.04,70.92,77.68,68.73,1.0,307,372,489,12,2.25,2.25,2.25,3,5.57
90.0,72.25,76.9,69.0,1.12,307,372,489,12,3.61,3.71,3.81,1,0.0
90.43,73.25,76.67,69.27,1.65,307,372,489,12,2.15,2.44,2.73,4,5.08
90.73,73.25,76.51,69.34,1.27,307,372,489,12,2.81,2.98,3.15,2,0.0
89.17,72.11,75.98,68.6,1.15,307,372,489,12,3.44,3.56,3.69,1,0.0
90.28,71.75,78.0,69.68,1.67,307,372,489,12,2.27,2.59,2.9,2,0.0
89.44,70.92,76.9,68.47,1.11,307,372,489,12,3.81,3.91,4.0,0,0.0
89.85,71.68,77.45,68.47,1.56,307,372,489,12,3.1,3.47,3.83,4,0.0
91.2,73.68,77.84,69.07,1.1,307,372,489,12,3.1,3.17,3.25,3,10.16
90.43,73.25,76.59,67.86,1.25,307,372,489,12,2.59,2.73,2.88,3,0.0
91.04,73.03,76.82,67.66,1.54,307,372,489,12,2.98,3.32,3.66,3,5.37
90.88,70.43,76.44,68.6,1.29,307,372,489,12,3.03,3.22,3.42,3,0.0
92.2,71.68,75.9,69.82,1.67,307,372,489,12,2.83,3.22,3.61,2,5.66
89.71,70.99,77.29,68.94,1.42,307,372,489,12,3.22,3.52,3.81,1,3.81
89.85,71.54,76.67,68.06,1.44,307,372,489,12,2.81,3.08,3.34,2,5.76
92.03,72.74,76.51,69.0,1.65,307,372,489,12,2.71,3.08,3.44,4,11.43
90.0,74.19,76.74,69.55,1.54,307,372,489,12,2.76,3.08,3.39,4,4.3
89.71,72.11,78.24,66.87,1.79,307,372,489,12,2.44,2.83,3.22,3,0.0
90.73,73.32,77.45,69.89,1.13,307,372,489,12,3.12,3.22,3.32,1,0.0
90.28,72.25,78.08,70.78,1.15,307,372,489,12,2.83,2.93,3.03,3,5.86
90.58,71.27,77.37,68.87,1.34,307,372,489,12,2.22,2.39,2.56,2,4.39
90.58,72.39,76.9,68.8,1.45,307,372,489,12,2.49,2.73,2.98,2,0.0
92.38,72.89,75.3,71.13,1.0,307,372,489,12,3.12,3.12,3.12,2,5.47
91.2,72.89,76.59,67.46,1.25,307,372,489,12,2.59,2.73,2.88,2,0.0
90.0,72.25,77.21,69.61,1.19,307,372,489,12,3.37,3.52,3.66,2,0.0
91.2,71.68,76.9,69.68,1.25,307,372,489,12,3.0,3.17,3.34,3,5.66
90.28,71.27,76.44,68.53,1.44,307,372,489,12,1.51,1.66,1.81,3,0.0
90.73,72.53,76.98,69.27,1.07,307,372,489,12,3.08,3.12,3.17,3,6.45
89.71,73.1,76.28,69.0,1.09,307,372,489,12,3.49,3.56,3.64,5,6.74
90.73,72.18,78.32,66.54,1.19,307,372,489,12,3.37,3.52,3.66,1,0.0
36.53,22.95,24.9,22.95,1.0,24,12,28,10,4.78,4.78,4.78,2,0.0
38.64,19.96,26.52,22.26,1.11,24,12,28,10,80.59,81.01,81.42,3,100.0
37.52,23.17,26.12,21.44,1.51,24,12,28,10,3.39,3.76,4.13,2,0.0
37.67,23.06,26.02,25.1,1.0,24,12,28,10,0.78,0.78,0.78,1,0.0
36.91,22.38,24.05,23.06,1.65,24,12,28,10,2.71,3.08,3.44,1,0.0
35.67,24.47,25.82,23.72,1.42,24,12,28,10,5.15,5.62,6.08,2,0.0
37.06,23.28,26.02,23.39,1.6,24,12,28,10,0.56,0.64,0.71,0,0.0
36.45,22.49,27.88,24.26,1.46,24,12,28,10,1.2,1.32,1.44,1,0.0
74.33,39.53,44.88,40.4,1.15,100,117,118,12,4.15,4.3,4.44,1,3.03
77.6,36.53,42.6,40.83,1.09,100,117,118,12,1.1,1.12,1.15,1,0.0
77.76,38.12,41.69,47.24,1.04,100,117,118,12,4.64,4.69,4.74,2,4.79
76.13,38.2,43.79,42.39,1.24,100,117,118,12,5.98,6.3,6.62,3,10.84
76.59,37.75,43.16,39.53,1.26,100,117,118,12,3.32,3.52,3.71,2,1.17
74.93,38.35,43.65,40.98,1.28,100,117,118,12,2.71,2.88,3.05,3,2.64
75.22,39.6,43.51,40.69,1.07,100,117,118,12,2.98,3.03,3.08,3,4.2
74.7,38.87,45.22,41.97,1.5,100,117,118,12,4.91,5.42,5.93,2,10.84
76.44,33.09,41.9,44.88,1.14,100,117,118,12,1.51,1.56,1.61,4,0.39
75.67,33.67,44.61,41.33,1.03,100,117,118,12,3.44,3.47,3.49,1,4.39
74.33,42.46,41.97,40.33,1.4,100,117,118,12,2.47,2.69,2.9,4,0.0
77.84,36.68,44.13,39.31,2.03,100,117,118,12,1.71,2.05,2.39,3,0.29
75.45,39.82,43.58,41.05,1.11,100,117,118,12,2.9,2.98,3.05,3,1.37
76.21,39.23,42.6,49.61,1.12,100,117,118,12,4.22,4.35,4.47,1,7.42
75.07,33.42,43.09,40.04,1.15,100,117,118,12,5.66,5.86,6.06,3,12.11
74.48,33.01,44.68,41.26,1.0,100,117,118,12,2.05,2.05,2.05,2,0.0
75.75,35.9,43.02,44.4,1.17,100,117,118,12,3.05,3.17,3.3,2,0.59
75.83,38.42,43.16,40.55,1.18,100,117,118,12,4.08,4.25,4.42,3,2.73
75.75,33.99,42.11,40.76,1.21,100,117,118,12,5.74,6.01,6.27,4,12.99
75.9,39.38,43.79,44.13,1.11,100,117,118,12,1.9,1.95,2.0,1,0.0
76.44,38.35,42.95,41.12,1.63,100,117,118,12,1.46,1.66,1.86,2,0.0
74.7,37.06,43.44,41.97,1.19,100,117,118,12,2.25,2.34,2.44,3,1.17
72.18,36.53,44.68,38.79,1.15,100,117,118,12,3.54,3.66,3.78,2,3.91
75.98,26.52,44.34,41.33,1.15,100,117,118,12,2.83,2.93,3.03,4,2.83
77.21,39.38,43.79,40.04,1.27,100,117,118,12,2.81,2.98,3.15,5,0.2
76.82,25.0,42.39,47.5,1.0,100,117,118,12,2.54,2.54,2.54,0,0.2
75.52,43.51,42.81,39.89,1.3,100,117,118,12,4.08,4.35,4.61,2,10.45
76.74,25.92,40.69,47.44,1.06,100,117,118,12,1.59,1.61,1.64,2,0.0
74.41,42.53,44.75,46.84,1.39,100,117,118,12,2.56,2.78,3.0,4,0.0
74.63,36.53,44.2,44.68,1.0,100,117,118,12,1.56,1.56,1.56,3,0.98
75.37,35.43,44.95,40.83,1.0,100,117,118,12,2.54,2.54,2.54,2,0.0
74.93,27.31,42.32,43.51,1.07,100,117,118,12,2.88,2.93,2.98,3,0.49
78.65,48.82,41.26,44.2,1.22,106,91,140,11,4.0,4.2,4.4,3,0.0
77.53,48.63,43.92,45.02,1.11,106,91,140,11,39.18,39.8,40.4,4,95.9
71.89,49.02,41.33,44.81,1.08,106,91,140,11,2.59,2.64,2.69,1,0.0
71.2,47.57,44.88,41.97,1.23,106,91,140,11,6.27,6.59,6.91,3,0.59
71.27,48.3,41.69,43.92,1.0,106,91,140,11,4.4,4.4,4.4,2,0.59
70.37,47.44,44.13,42.74,1.62,106,91,140,11,2.25,2.54,2.83,1,0.0
75.98,48.89,42.04,45.02,1.0,106,91,140,11,4.49,4.49,4.49,2,0.49
75.15,49.74,42.88,43.79,1.19,106,91,140,11,7.54,7.86,8.18,3,1.07
68.0,48.49,41.9,44.34,1.81,106,91,140,11,1.64,1.9,2.17,1,0.0
70.37,50.07,44.95,46.1,1.27,106,91,140,11,1.56,1.66,1.76,2,0.0
70.78,49.41,41.76,43.72,1.0,106,91,140,11,2.64,2.64,2.64,0,0.0
70.09,47.5,43.99,42.11,1.1,106,91,140,11,4.3,4.4,4.49,1,0.29
69.55,49.22,41.19,44.13,1.04,106,91,140,11,5.13,5.18,5.22,2,0.39
69.61,49.09,44.34,42.6,1.86,106,91,140,11,2.12,2.49,2.86,2,0.0
69.41,49.67,42.95,42.88,1.38,106,91,140,11,6.06,6.54,7.03,3,0.68
77.68,49.87,42.74,43.37,1.11,106,91,140,11,2.81,2.88,2.95,2,0.0
30.71,24.05,26.32,19.96,1.17,18,12,26,13,12.16,12.6,13.04,1,13.67
29.18,24.58,24.58,19.71,1.04,18,12,26,13,12.72,12.84,12.96,2,14.75
32.26,21.92,26.62,20.96,1.06,18,12,26,13,12.16,12.31,12.45,3,10.94
31.32,22.03,23.94,20.72,1.02,18,12,26,13,12.45,12.5,12.55,2,12.5
31.83,24.9,24.05,18.79,1.27,18,12,26,13,11.16,11.77,12.38,1,11.52
30.09,22.61,24.58,20.09,1.02,18,12,26,13,12.94,12.99,13.04,2,11.91
30.97,21.2,25.0,20.09,1.08,18,12,26,13,13.92,14.16,14.4,0,11.43
30.79,22.38,23.61,18.92,1.08,18,12,26,13,12.13,12.35,12.57,1,13.28
66.21,33.83,40.04,40.4,1.11,90,66,96,15,1.81,1.86,1.9,0,0.88
64.97,47.37,36.6,40.33,1.2,90,66,96,15,0.51,0.54,0.56,5,0.0
65.29,34.48,38.27,34.72,6.03,90,66,96,15,0.22,0.34,0.46,3,0.0
66.67,33.18,37.75,33.99,1.19,90,66,96,15,8.06,8.4,8.74,4,16.5
66.21,32.34,40.9,39.67,1.03,90,66,96,15,8.45,8.5,8.54,4,16.21
64.64,48.36,38.94,37.67,0.0,90,66,96,15,0.0,0.0,0.0,4,0.0
64.84,32.68,39.97,41.4,1.0,90,66,96,15,0.19,0.19,0.19,3,0.0
65.82,47.17,35.36,41.48,1.02,90,66,96,15,9.13,9.18,9.23,4,12.79
64.58,35.2,38.94,39.82,1.16,90,66,96,15,8.5,8.79,9.08,4,13.67
64.19,34.24,39.23,34.8,1.1,90,66,96,15,3.0,3.08,3.15,8,1.37
66.54,46.64,40.18,40.33,1.21,90,66,96,15,2.56,2.69,2.81,2,0.98
66.47,48.36,33.75,38.72,1.22,90,66,96,15,8.81,9.23,9.64,4,12.89
65.62,34.96,39.16,34.24,1.5,90,66,96,15,0.22,0.24,0.27,1,0.0
66.93,39.16,39.75,39.53,1.67,90,66,96,15,0.34,0.39,0.44,5,0.0
67.8,32.59,39.01,39.01,1.33,90,66,96,15,2.64,2.83,3.03,6,0.78
65.95,32.09,40.33,38.64,6.03,90,66,96,15,0.22,0.34,0.46,5,0.0
64.45,45.97,35.59,35.67,1.25,90,66,96,15,0.42,0.44,0.46,5,0.0
65.49,32.84,39.89,34.8,1.0,90,66,96,15,0.1,0.1,0.1,3,0.0
73.53,32.26,39.23,40.9,5.02,90,66,96,15,0.19,0.29,0.39,5,0.0
65.1,33.42,36.29,35.51,1.03,90,66,96,15,3.74,3.76,3.78,6,1.27
67.73,32.42,35.2,34.72,2.34,90,66,96,15,0.39,0.49,0.59,5,0.0
63.8,32.93,40.18,40.04,3.01,90,66,96,15,0.15,0.19,0.24,3,0.0
68.6,33.26,33.99,41.62,1.26,90,66,96,15,7.45,7.86,8.28,4,16.99
74.04,34.8,35.98,40.55,3.52,90,66,96,15,0.32,0.44,0.56,5,0.0
72.04,37.9,39.01,36.6,1.59,90,66,96,15,2.34,2.64,2.93,2,1.66
66.87,47.97,34.16,39.6,1.0,90,66,96,15,0.1,0.1,0.1,6,0.0
65.29,38.72,40.76,40.55,1.33,90,66,96,15,0.32,0.34,0.37,3,0.0
66.93,34.32,35.28,33.59,0.0,90,66,96,15,0.0,0.0,0.0,1,0.0
65.95,46.64,40.11,40.04,6.03,90,66,96,15,0.22,0.34,0.46,3,0.0
67.66,46.17,40.26,34.48,1.0,90,66,96,15,0.19,0.19,0.19,1,0.0
76.44,46.37,34.96,39.31,1.0,90,66,96,15,0.1,0.1,0.1,4,0.0
65.95,31.75,39.31,41.48,2.0,90,66,96,15,0.24,0.29,0.34,3,0.0
65.49,40.9,39.6,35.9,1.33,90,66,96,15,0.32,0.34,0.37,5,0.0
66.93,33.75,38.64,39.67,2.51,90,66,96,15,0.27,0.34,0.42,5,0.0
74.33,32.93,40.4,39.23,1.67,90,66,96,15,0.34,0.39,0.44,3,0.0
67.0,39.89,39.16,39.38,3.52,90,66,96,15,0.32,0.44,0.56,3,0.0
65.16,31.57,39.53,34.16,2.0,90,66,96,15,0.12,0.15,0.17,7,0.0
65.82,40.04,38.57,40.18,1.0,90,66,96,15,0.29,0.29,0.29,5,0.0
66.6,32.09,39.09,37.52,1.0,90,66,96,15,0.29,0.29,0.29,3,0.0
64.97,31.92,34.56,35.04,0.0,90,66,96,15,0.0,0.0,0.0,2,0.0
64.64,40.11,39.53,39.46,1.64,90,66,96,15,2.37,2.69,3.0,2,1.17
73.9,39.31,34.32,37.9,1.27,90,66,96,15,2.81,2.98,3.15,6,0.98
65.62,31.14,39.6,37.06,10.09,90,66,96,15,0.32,0.54,0.76,5,0.0
66.28,39.53,41.62,37.67,1.39,90,66,96,15,3.1,3.37,3.64,6,1.07
66.93,32.42,38.05,39.75,1.0,90,66,96,15,0.39,0.39,0.39,3,0.0
64.97,39.53,37.9,40.62,0.0,90,66,96,15,0.0,0.0,0.0,4,0.0
67.53,33.42,34.4,40.26,1.0,90,66,96,15,0.49,0.49,0.49,5,0.0
65.03,39.97,35.04,40.26,1.19,90,66,96,15,2.25,2.34,2.44,2,0.78
73.1,34.16,39.31,39.46,1.0,90,66,96,15,0.1,0.1,0.1,7,0.0
65.16,35.67,35.75,41.83,5.02,90,66,96,15,0.19,0.29,0.39,3,0.0
65.95,32.84,39.53,35.04,1.84,90,66,96,15,0.71,0.83,0.95,5,0.0
66.6,31.23,38.05,41.69,1.33,90,66,96,15,0.32,0.34,0.37,5,0.0
74.78,40.26,40.18,38.72,1.5,90,66,96,15,0.22,0.24,0.27,3,0.0
74.12,32.51,40.9,41.55,3.01,90,66,96,15,0.15,0.19,0.24,5,0.0
67.66,32.17,40.62,36.06,1.0,90,66,96,15,0.29,0.29,0.29,5,0.0
65.95,35.51,35.83,39.31,4.01,90,66,96,15,0.17,0.24,0.32,5,0.0
66.08,34.16,34.88,33.01,2.0,90,66,96,15,0.12,0.15,0.17,3,0.0
65.36,32.68,40.83,41.26,2.0,90,66,96,15,0.12,0.15,0.17,3,0.0
66.74,47.1,37.29,37.97,1.33,90,66,96,15,0.32,0.34,0.37,5,0.0
68.06,33.5,39.16,40.04,1.67,90,66,96,15,0.34,0.39,0.44,3,0.0
66.34,32.59,36.22,37.06,0.0,90,66,96,15,0.0,0.0,0.0,4,0.0
73.46,34.16,35.98,35.67,1.5,90,66,96,15,0.22,0.24,0.27,7,0.0
68.0,33.5,33.91,37.44,1.5,90,66,96,15,0.22,0.24,0.27,5,0.0
73.75,32.0,36.22,40.69,3.02,90,66,96,15,0.44,0.59,0.73,3,0.0
66.87,33.26,40.4,39.97,0.0,90,66,96,15,0.0,0.0,0.0,4,0.0
66.74,32.51,39.67,38.35,1.5,90,66,96,15,0.22,0.24,0.27,5,0.0
67.0,47.44,36.83,40.18,1.25,90,66,96,15,0.42,0.44,0.46,3,0.0
65.88,33.18,39.67,39.89,1.0,90,66,96,15,0.1,0.1,0.1,6,0.0
73.53,32.76,40.69,36.91,3.01,90,66,96,15,0.29,0.39,0.49,3,0.0
66.01,33.59,34.48,41.12,2.0,90,66,96,15,0.24,0.29,0.34,3,0.0
67.46,33.34,35.67,33.99,2.01,90,66,96,15,0.37,0.44,0.51,3,0.0
75.07,38.79,35.04,35.2,2.01,90,66,96,15,0.37,0.44,0.51,5,0.0
66.87,30.44,35.9,35.2,2.0,90,66,96,15,0.12,0.15,0.17,1,0.0
65.23,31.14,36.14,40.62,0.0,90,66,96,15,0.0,0.0,0.0,6,0.0
68.2,32.26,40.69,38.79,0.0,90,66,96,15,0.0,0.0,0.0,4,0.0
65.36,39.31,40.11,41.69,2.0,90,66,96,15,0.24,0.29,0.34,3,0.0
69.07,33.09,40.04,36.68,3.01,90,66,96,15,0.15,0.19,0.24,5,0.0
71.61,33.75,38.35,38.87,1.0,90,66,96,15,0.1,0.1,0.1,1,0.0
68.67,32.42,35.36,31.66,1.0,90,66,96,15,0.1,0.1,0.1,7,0.0
65.42,32.84,40.55,39.75,0.0,90,66,96,15,0.0,0.0,0.0,2,0.0
64.71,32.93,40.62,36.06,0.0,90,66,96,15,0.0,0.0,0.0,4,0.0
65.75,40.33,35.98,40.69,0.0,90,66,96,15,0.0,0.0,0.0,4,0.0
75.37,32.93,37.82,39.53,0.0,90,66,96,15,0.0,0.0,0.0,6,0.0
64.51,33.59,40.11,40.11,2.0,90,66,96,15,0.24,0.29,0.34,5,0.0
65.03,32.26,40.04,39.6,1.0,90,66,96,15,0.1,0.1,0.1,1,0.0
64.51,33.01,40.26,40.98,1.5,90,66,96,15,0.22,0.24,0.27,7,0.0
65.36,33.83,33.99,34.16,1.5,90,66,96,15,0.22,0.24,0.27,7,0.0
65.75,33.34,38.42,36.14,0.0,90,66,96,15,0.0,0.0,0.0,2,0.0
58.12,23.83,35.75,22.61,1.18,80,57,76,11,9.74,10.11,10.47,3,15.43
56.92,22.61,30.18,32.17,1.06,80,57,76,11,5.64,5.71,5.79,1,7.32
55.77,30.97,32.42,23.72,1.33,80,57,76,11,5.05,5.42,5.79,1,7.23
58.63,23.94,36.29,22.61,1.03,80,57,76,11,3.83,3.86,3.88,3,3.22
58.06,20.84,31.32,23.61,1.22,80,57,76,11,10.74,11.23,11.72,0,14.94
55.33,29.64,36.76,23.5,1.1,80,57,76,11,11.38,11.62,11.86,4,13.57
64.32,31.32,31.57,29.64,1.11,80,57,76,11,3.91,4.0,4.1,2,0.88
56.85,28.16,33.42,24.79,1.37,80,57,76,11,3.3,3.56,3.83,2,3.61
56.16,30.18,27.88,22.95,1.01,80,57,76,11,9.2,9.23,9.25,2,12.4
53.86,23.61,34.88,24.37,1.03,80,57,76,11,12.57,12.65,12.72,2,17.19
55.39,30.18,31.32,22.72,1.13,80,57,76,11,2.32,2.39,2.47,2,0.78
57.23,29.55,30.44,23.61,1.69,80,57,76,11,3.3,3.76,4.22,1,1.17
62.07,30.0,31.92,24.79,1.34,80,57,76,11,3.59,3.86,4.13,2,0.2
56.03,31.49,30.44,30.09,1.03,80,57,76,11,3.74,3.76,3.78,1,0.1
55.52,27.5,34.48,24.05,1.24,80,57,76,11,4.54,4.78,5.03,3,1.86
64.58,31.23,27.97,23.06,1.25,80,57,76,11,2.59,2.73,2.88,3,0.1
53.67,35.67,31.83,28.44,1.04,45,74,82,17,2.86,2.88,2.9,2,3.42
50.65,35.9,32.84,30.0,1.03,45,74,82,17,3.34,3.37,3.39,2,3.03
52.9,35.43,31.83,29.28,1.0,45,74,82,17,2.93,2.93,2.93,3,3.61
54.69,33.99,31.4,32.09,1.1,45,74,82,17,3.0,3.08,3.15,3,2.64
53.8,36.29,31.66,29.28,1.64,45,74,82,17,2.37,2.69,3.0,1,2.44
55.97,35.59,30.35,29.37,1.38,45,74,82,17,2.88,3.12,3.37,4,3.12
53.35,35.2,32.0,27.88,1.09,45,74,82,17,3.49,3.56,3.64,2,3.32
51.36,36.45,33.09,30.44,1.28,45,74,82,17,3.12,3.32,3.52,3,2.64
51.04,35.36,31.4,30.79,1.25,45,74,82,17,2.59,2.73,2.88,1,2.93
52.33,36.06,30.71,31.06,1.8,45,74,82,17,2.56,2.98,3.39,2,2.64
54.31,35.59,30.71,29.91,1.03,45,74,82,17,3.05,3.08,3.1,2,3.12
54.69,34.16,31.92,29.82,1.15,45,74,82,17,2.73,2.83,2.93,5,2.54
52.58,35.36,30.27,29.0,1.33,45,74,82,17,2.32,2.49,2.66,4,2.44
53.23,35.04,30.79,29.28,1.2,45,74,82,17,2.66,2.78,2.9,3,3.42
53.99,35.75,30.62,29.0,1.07,45,74,82,17,2.98,3.03,3.08,1,2.83
52.78,35.28,30.09,29.73,1.13,45,74,82,17,3.12,3.22,3.32,3,2.83
53.29,36.22,31.57,29.37,1.3,45,74,82,17,2.93,3.12,3.32,2,2.54
52.01,33.34,31.92,32.09,1.07,45,74,82,17,2.78,2.83,2.88,2,3.61
53.93,34.72,32.0,30.53,1.13,45,74,82,17,3.32,3.42,3.52,1,3.52
51.36,33.91,29.28,29.09,1.42,45,74,82,17,2.37,2.59,2.81,4,3.52
52.65,35.9,30.62,30.44,1.03,45,74,82,17,3.34,3.37,3.39,3,3.32
52.33,35.36,31.57,31.06,1.07,45,74,82,17,2.98,3.03,3.08,3,2.73
55.01,33.99,31.92,29.46,1.06,45,74,82,17,3.47,3.52,3.56,1,3.32
51.68,35.43,33.34,29.82,1.17,45,74,82,17,2.44,2.54,2.64,4,2.34
54.18,35.51,31.4,30.97,1.69,45,74,82,17,2.05,2.34,2.64,3,4.2
53.61,36.37,31.32,31.4,1.4,45,74,82,17,2.78,3.03,3.27,2,3.91
52.9,35.51,30.62,29.09,1.06,45,74,82,17,3.17,3.22,3.27,3,3.61
53.86,34.88,32.42,31.14,1.92,45,74,82,17,2.98,3.52,4.05,0,1.86
52.46,35.59,31.66,30.0,1.06,45,74,82,17,3.17,3.22,3.27,3,3.61
52.78,33.67,30.88,28.91,1.14,45,74,82,17,3.03,3.12,3.22,2,3.81
53.67,33.99,30.88,30.62,1.4,45,74,82,17,2.47,2.69,2.9,4,3.22
51.62,34.32,31.14,31.06,1.3,45,74,82,17,3.25,3.47,3.69,2,3.91
67.0,26.82,34.56,35.28,1.03,48,78,92,12,3.25,3.27,3.3,2,3.91
66.34,29.55,34.96,34.96,1.0,48,78,92,12,4.1,4.1,4.1,0,4.79
67.73,27.59,36.99,34.08,1.07,48,78,92,12,2.88,2.93,2.98,3,3.42
64.71,26.12,38.05,35.28,1.42,48,78,92,12,1.83,2.0,2.17,2,0.88
66.21,26.82,37.52,36.83,1.1,48,78,92,12,4.2,4.3,4.4,2,4.2
66.28,26.82,38.35,36.37,1.14,48,78,92,12,1.51,1.56,1.61,4,0.1
66.93,26.72,37.06,33.99,1.0,48,78,92,12,3.91,3.91,3.91,3,6.05
67.33,28.63,35.67,34.96,1.32,48,78,92,12,1.68,1.81,1.93,2,0.78
65.42,28.26,34.16,38.87,1.21,48,78,92,12,3.49,3.66,3.83,1,2.83
68.0,25.92,38.57,33.91,1.13,48,78,92,12,4.03,4.15,4.27,5,4.98
65.42,28.26,36.99,34.96,1.62,48,78,92,12,3.03,3.42,3.81,2,5.18
68.06,27.59,35.98,39.46,1.2,48,78,92,12,2.15,2.25,2.34,3,0.49
65.62,28.35,40.11,34.4,1.05,48,78,92,12,1.88,1.9,1.93,3,1.76
66.47,27.97,41.48,35.59,1.46,48,78,92,12,3.47,3.81,4.15,1,5.57
66.6,25.92,35.51,35.98,1.06,48,78,92,12,1.68,1.71,1.73,2,0.2
66.01,27.4,39.82,35.9,1.06,48,78,92,12,3.56,3.61,3.66,4,5.18
66.74,27.69,35.36,35.12,1.56,48,78,92,12,3.54,3.96,4.37,4,5.37
63.87,27.11,34.24,37.52,1.25,48,78,92,12,3.93,4.15,4.37,2,5.96
66.01,27.01,35.75,33.26,1.21,48,78,92,12,3.08,3.22,3.37,2,2.83
66.34,29.82,35.51,38.12,1.36,48,78,92,12,2.12,2.3,2.47,3,1.37
64.77,27.59,33.99,33.83,1.19,48,78,92,12,3.37,3.52,3.66,3,5.08
66.08,27.31,35.9,34.08,1.49,48,78,92,12,3.27,3.61,3.96,1,7.32
66.6,27.01,36.29,36.76,1.17,48,78,92,12,1.83,1.9,1.98,3,0.39
65.75,25.31,36.29,35.2,1.09,48,78,92,12,2.2,2.25,2.3,3,0.88
65.23,26.72,36.22,36.14,1.09,48,78,92,12,2.39,2.44,2.49,3,4.2
66.74,27.21,35.28,34.16,1.21,48,78,92,12,2.98,3.12,3.27,3,1.07
67.0,28.54,38.94,35.04,1.33,48,78,92,12,4.32,4.64,4.96,1,4.69
66.8,26.12,37.37,35.43,1.17,48,78,92,12,2.44,2.54,2.64,2,1.95
65.55,28.82,37.37,35.51,1.19,48,78,92,12,2.76,2.88,3.0,2,0.0
65.95,28.72,35.67,35.9,1.03,48,78,92,12,3.15,3.17,3.2,4,2.44
67.4,26.72,34.64,34.48,1.11,48,78,92,12,3.91,4.0,4.1,4,6.15
65.82,26.62,35.83,39.01,1.05,48,78,92,12,1.88,1.9,1.93,1,0.0
49.93,22.61,30.62,28.44,1.2,33,48,64,11,8.37,8.74,9.11,1,11.04
56.16,25.92,31.06,26.92,1.19,33,48,64,11,9.16,9.52,9.89,4,10.64
52.46,23.72,30.44,29.37,1.37,33,48,64,11,8.67,9.33,9.98,1,13.48
52.13,25.0,27.97,28.82,1.02,33,48,64,11,6.76,6.79,6.81,1,4.98
48.1,24.37,30.71,27.88,1.35,33,48,64,11,6.54,7.03,7.52,3,10.74
52.07,24.79,30.09,27.21,1.2,33,48,64,11,6.54,6.84,7.13,2,9.47
52.52,24.15,31.06,27.78,1.01,33,48,64,11,10.28,10.3,10.33,0,11.43
51.49,25.0,31.75,27.78,1.16,33,48,64,11,3.86,4.0,4.15,1,0.0
54.88,24.47,31.32,28.82,1.02,33,48,64,11,4.42,4.44,4.47,3,3.61
51.23,22.38,29.18,28.26,1.03,33,48,64,11,6.4,6.44,6.49,2,6.93
56.03,24.37,32.84,27.4,1.0,33,48,64,11,8.59,8.59,8.59,3,10.16
50.65,23.94,32.42,27.31,1.17,33,48,64,11,4.37,4.54,4.71,2,3.61
55.33,24.47,33.18,29.46,1.05,33,48,64,11,4.15,4.2,4.25,2,1.56
49.87,23.17,29.91,29.0,1.04,33,48,64,11,2.37,2.39,2.42,3,0.49
48.89,23.5,31.66,28.07,1.25,33,48,64,11,3.83,4.05,4.27,2,1.66
51.68,24.58,31.66,29.28,1.03,33,48,64,11,4.03,4.05,4.08,2,0.2
61.75,37.67,34.4,33.5,1.06,55,56,75,11,30.27,30.57,30.86,0,40.04
60.47,38.27,35.51,33.75,1.09,55,56,75,11,25.39,25.78,26.17,1,43.46
60.15,33.34,34.32,31.66,1.51,55,56,75,11,4.05,4.49,4.93,2,0.68
60.6,36.14,35.36,33.5,1.08,55,56,75,11,6.37,6.49,6.62,1,3.71
54.88,36.45,34.8,32.26,1.21,55,56,75,11,4.1,4.3,4.49,4,3.61
53.74,34.4,33.91,34.4,2.21,55,56,75,11,2.39,2.93,3.47,2,0.39
54.88,34.88,34.56,33.75,3.44,55,56,75,11,1.24,1.71,2.17,3,0.59
60.09,35.51,34.72,32.34,1.25,55,56,75,11,2.59,2.73,2.88,3,0.68
53.35,34.08,34.24,33.09,1.23,55,56,75,11,5.15,5.42,5.69,1,0.39
54.63,34.56,35.04,31.75,1.31,55,56,75,11,3.56,3.81,4.05,1,1.27
55.58,34.8,36.29,32.51,1.45,55,56,75,11,3.03,3.32,3.61,2,1.56
55.52,34.32,35.36,32.59,1.0,55,56,75,11,1.76,1.76,1.76,2,0.59
53.16,36.83,35.98,32.68,1.15,55,56,75,11,2.12,2.2,2.27,2,0.49
61.68,33.91,34.56,33.67,1.67,55,56,75,11,2.27,2.59,2.9,3,1.46
58.25,36.29,35.28,35.28,1.58,55,56,75,11,1.56,1.76,1.95,2,0.39
51.88,35.83,33.18,33.42,1.18,55,56,75,11,1.73,1.81,1.88,3,0.68
27.97,17.53,20.96,17.53,1.21,19,10,23,9,86.28,86.82,87.35,1,100.0
27.78,19.32,21.8,18.92,1.65,19,10,23,9,2.71,3.08,3.44,1,0.0
28.54,17.25,18.65,19.32,1.04,19,10,23,9,4.93,4.98,5.03,2,0.0
29.91,19.32,18.79,20.72,1.12,19,10,23,9,6.23,6.4,6.57,0,0.0
19.58,20.34,20.09,21.68,1.05,21,6,13,10,87.26,87.4,87.55,3,100.0
21.44,19.96,20.34,20.09,1.08,21,6,13,10,3.88,3.96,4.03,2,0.0
21.68,20.72,20.47,20.22,1.15,21,6,13,10,2.83,2.93,3.03,2,0.0
20.47,18.79,21.08,21.8,1.17,21,6,13,10,3.15,3.27,3.39,2,0.0
21.56,19.05,17.39,19.84,1.0,21,6,13,10,0.29,0.29,0.29,1,0.0
21.8,19.32,18.65,20.47,1.51,21,6,13,10,0.88,0.98,1.07,1,0.0
19.71,19.45,20.09,17.68,1.0,21,6,13,10,1.07,1.07,1.07,0,0.0
89.03,65.95,72.25,64.0,1.22,301,294,403,12,2.88,3.03,3.17,2,0.0
90.14,66.34,68.2,63.09,1.0,301,294,403,12,2.83,2.83,2.83,2,0.0
91.04,63.8,70.23,63.42,1.41,301,294,403,12,1.61,1.76,1.9,2,0.0
88.77,67.0,72.32,63.87,1.0,301,294,403,12,3.42,3.42,3.42,2,0.0
89.57,67.46,72.39,64.64,1.28,301,294,403,12,3.12,3.32,3.52,4,0.0
90.0,68.0,69.82,64.06,1.11,301,294,403,12,2.9,2.98,3.05,3,0.0
89.44,65.62,69.48,63.03,1.06,301,294,403,12,5.15,5.22,5.3,3,11.52
90.0,67.4,71.89,64.32,1.12,301,294,403,12,4.32,4.44,4.57,2,0.0
88.39,68.13,70.37,63.22,1.31,301,294,403,12,4.71,5.03,5.35,4,10.94
89.71,67.53,71.75,63.42,1.28,301,294,403,12,2.3,2.44,2.59,3,0.0
88.64,66.6,71.06,64.0,1.52,301,294,403,12,3.3,3.66,4.03,0,0.0
89.03,67.93,72.04,65.29,1.62,301,294,403,12,2.25,2.54,2.83,3,0.0
89.57,68.26,70.78,66.34,1.05,301,294,403,12,6.42,6.49,6.57,3,52.44
91.2,66.8,70.71,62.77,1.0,301,294,403,12,2.54,2.54,2.54,1,0.0
91.36,65.95,70.64,62.84,1.19,301,294,403,12,2.76,2.88,3.0,2,0.0
90.58,69.61,71.68,64.32,1.04,301,294,403,12,2.86,2.88,2.9,1,0.0
90.43,68.4,70.78,64.71,1.17,301,294,403,12,2.44,2.54,2.64,2,0.0
89.03,66.41,72.32,60.92,1.54,301,294,403,12,2.54,2.83,3.12,2,0.0
89.17,67.13,71.89,63.29,1.17,301,294,403,12,5.08,5.27,5.47,1,11.43
89.71,66.01,70.92,62.97,1.36,301,294,403,12,3.08,3.32,3.56,1,0.0
91.2,67.8,68.73,63.03,1.08,301,294,403,12,2.59,2.64,2.69,3,0.0
89.3,67.2,71.06,64.64,1.18,301,294,403,12,2.34,2.44,2.54,1,0.0
90.88,67.26,70.09,65.55,1.43,301,294,403,12,2.59,2.83,3.08,3,0.0
89.44,67.66,71.68,65.95,1.09,301,294,403,12,4.69,4.78,4.88,2,13.67
89.44,66.6,72.04,63.22,1.26,301,294,403,12,2.9,3.08,3.25,4,0.0
90.28,67.33,71.54,64.58,1.03,301,294,403,12,2.95,2.98,3.0,3,0.0
90.14,65.88,69.41,66.01,1.04,301,294,403,12,2.66,2.69,2.71,5,0.0
89.85,65.1,71.75,62.77,1.77,301,294,403,12,1.39,1.61,1.83,4,0.0
90.73,65.29,71.54,64.13,1.16,301,294,403,12,3.25,3.37,3.49,4,0.0
90.28,68.67,70.02,64.13,1.08,301,294,403,12,2.69,2.73,2.78,3,0.0
90.43,65.88,71.2,64.58,1.04,301,294,403,12,2.37,2.39,2.42,2,0.0
89.85,68.94,70.78,64.19,1.37,301,294,403,12,3.3,3.56,3.83,3,0.0
75.37,37.22,45.76,41.55,1.44,280,126,206,12,1.51,1.66,1.81,3,0.88
72.11,41.9,44.2,42.88,1.17,280,126,206,12,3.66,3.81,3.96,1,0.0
74.26,34.8,43.51,42.74,1.78,280,126,206,12,3.12,3.61,4.1,3,0.0
73.17,37.9,43.72,44.4,1.33,280,126,206,12,2.95,3.17,3.39,3,0.29
75.75,33.75,43.02,44.27,1.59,280,126,206,12,1.34,1.51,1.68,3,0.29
78.73,36.06,44.13,40.55,1.08,280,126,206,12,3.78,3.86,3.93,3,0.49
75.9,39.82,44.61,41.69,1.46,280,126,206,12,1.95,2.15,2.34,2,0.0
74.33,33.42,44.4,48.1,1.03,280,126,206,12,13.06,13.14,13.21,2,41.02
75.98,39.09,44.75,41.19,1.13,280,126,206,12,4.03,4.15,4.27,2,8.4
73.46,35.2,41.76,40.55,1.09,280,126,206,12,4.78,4.88,4.98,2,12.01
73.9,35.2,43.85,42.67,1.06,280,126,206,12,1.78,1.81,1.83,2,0.68
75.6,38.64,42.32,42.32,1.61,280,126,206,12,3.25,3.66,4.08,3,0.0
75.6,36.53,41.97,45.29,1.18,280,126,206,12,2.95,3.08,3.2,3,2.73
72.18,32.42,42.25,42.6,1.56,280,126,206,12,2.44,2.73,3.03,5,0.1
73.32,31.66,41.76,46.97,1.24,280,126,206,12,3.61,3.81,4.0,4,1.86
73.75,27.69,41.97,41.33,1.13,280,126,206,12,2.42,2.49,2.56,2,0.88
74.63,36.06,45.7,41.76,1.24,280,126,206,12,2.69,2.83,2.98,3,1.17
74.93,34.64,42.04,41.26,1.34,280,126,206,12,1.27,1.37,1.46,4,0.0
75.52,32.93,43.37,45.15,1.38,280,126,206,12,1.71,1.86,2.0,1,0.2
71.75,34.08,42.25,40.83,1.09,280,126,206,12,6.88,7.03,7.18,2,19.53
74.04,39.01,45.43,41.69,1.6,280,126,206,12,1.9,2.15,2.39,4,0.0
72.67,36.29,45.76,40.9,1.14,280,126,206,12,4.44,4.59,4.74,3,2.73
75.98,33.91,42.95,46.7,1.17,280,126,206,12,3.05,3.17,3.3,4,0.98
74.26,32.09,42.88,42.6,1.04,280,126,206,12,2.27,2.3,2.32,0,0.2
73.9,24.69,44.95,43.3,1.09,280,126,206,12,2.2,2.25,2.3,2,0.1
74.7,33.75,44.4,45.56,1.13,280,126,206,12,1.61,1.66,1.71,2,0.1
74.78,26.92,45.15,46.57,1.08,280,126,206,12,2.49,2.54,2.59,1,2.15
76.28,35.28,40.83,48.1,1.66,280,126,206,12,1.59,1.81,2.03,1,0.29
73.25,29.09,43.79,43.51,1.15,280,126,206,12,3.44,3.56,3.69,4,1.17
75.07,23.94,42.88,41.12,1.08,280,126,206,12,2.49,2.54,2.59,1,1.17
76.51,34.8,43.65,43.3,1.37,280,126,206,12,1.17,1.27,1.37,3,0.1
75.75,35.83,43.79,43.16,1.22,280,126,206,12,1.44,1.51,1.59,2,0.49
25.21,22.49,24.58,23.72,1.05,3,9,13,11,41.7,41.99,42.28,4,48.63
24.47,23.17,23.94,24.9,1.6,3,9,13,11,2.12,2.39,2.66,3,0.0
24.9,23.39,23.72,23.61,1.14,3,9,13,11,0.71,0.73,0.76,1,0.0
23.83,22.15,24.37,23.28,1.11,3,9,13,11,1.81,1.86,1.9,3,0.0
24.15,23.17,24.37,23.06,1.06,3,9,13,11,1.78,1.81,1.83,1,0.0
24.69,25.0,25.0,23.39,1.16,3,9,13,11,41.04,41.94,42.85,0,51.37
24.05,22.61,23.39,22.95,1.27,3,9,13,11,1.98,2.1,2.22,1,0.0
20.84,24.05,23.17,24.58,1.37,3,9,13,11,1.17,1.27,1.37,2,0.0
23.28,22.61,21.44,25.41,1.22,3,9,13,11,0.93,0.98,1.03,2,0.0
25.72,20.84,23.5,23.39,1.09,3,9,13,11,1.1,1.12,1.15,3,0.0
23.61,22.95,23.61,23.83,1.65,3,9,13,11,1.24,1.42,1.59,3,0.0
22.61,22.38,24.69,23.5,1.17,3,9,13,11,1.22,1.27,1.32,1,0.0
24.47,22.03,25.1,22.95,0.0,3,9,13,11,0.0,0.0,0.0,2,0.0
55.01,29.46,31.66,24.26,1.02,80,45,63,11,5.0,5.03,5.05,2,3.42
53.8,30.79,31.06,23.28,1.08,80,45,63,11,6.37,6.49,6.62,1,8.89
55.27,29.64,28.72,24.47,1.37,80,45,63,11,2.66,2.88,3.1,4,0.1
66.28,31.75,28.91,23.06,1.09,80,45,63,11,10.25,10.45,10.64,3,14.26
53.29,29.37,30.09,23.72,1.05,80,45,63,11,6.71,6.79,6.86,3,6.84
57.11,29.0,30.88,25.52,1.03,80,45,63,11,9.94,10.01,10.08,1,16.21
64.77,31.4,30.53,24.69,1.1,80,45,63,11,4.1,4.2,4.3,2,1.95
67.66,30.62,30.27,22.38,1.14,80,45,63,11,3.74,3.86,3.98,3,3.32
55.84,29.18,31.49,22.95,1.17,80,45,63,11,5.79,6.01,6.23,3,6.84
54.06,24.37,30.35,25.1,1.34,80,45,63,11,3.59,3.86,4.13,2,0.39
64.32,25.0,36.53,22.83,1.1,80,45,63,11,5.1,5.22,5.35,1,5.08
65.1,23.5,30.71,22.61,1.19,80,45,63,11,3.88,4.05,4.22,2,3.22
55.39,30.18,31.57,23.61,1.07,80,45,63,11,10.91,11.08,11.26,2,10.64
58.5,24.26,30.79,34.48,1.16,80,45,63,11,11.91,12.31,12.7,1,16.21
55.46,28.82,30.44,32.51,1.66,80,45,63,11,3.61,4.1,4.59,2,2.64
67.0,29.18,30.62,23.39,1.19,80,45,63,11,2.76,2.88,3.0,0,0.0
27.78,20.34,19.71,19.58,1.05,27,9,28,10,12.65,12.79,12.94,2,11.91
22.49,19.96,19.58,21.08,1.26,27,9,28,10,11.86,12.5,13.14,2,14.75
27.01,19.84,20.22,19.05,1.04,27,9,28,10,11.43,11.52,11.62,2,12.5
26.62,19.32,19.71,20.72,1.1,27,9,28,10,12.38,12.65,12.92,1,11.52
19.96,20.47,20.84,21.8,1.01,27,9,28,10,12.43,12.45,12.48,0,11.43
28.07,19.58,21.44,20.47,1.0,27,9,28,10,12.79,12.79,12.79,1,13.67
28.26,20.59,19.58,20.84,1.27,27,9,28,10,13.11,13.82,14.53,1,13.28
30.09,20.59,20.96,19.58,1.11,27,9,28,10,11.6,11.86,12.13,3,10.94
69.21,43.44,40.26,38.57,1.01,97,84,124,10,29.74,29.78,29.83,2,51.37
70.99,44.34,38.94,39.38,1.1,97,84,124,10,10.18,10.4,10.62,1,0.0
70.99,43.79,39.31,39.23,1.01,97,84,124,10,29.27,29.35,29.42,3,48.63
70.78,43.79,39.82,39.23,1.0,97,84,124,10,6.06,6.06,6.06,1,0.0
69.07,42.53,37.44,39.16,1.09,97,84,124,10,5.98,6.1,6.23,2,0.0
70.78,45.02,38.72,40.4,1.16,97,84,124,10,10.01,10.35,10.69,2,0.0
69.41,43.16,37.67,41.55,1.48,97,84,124,10,5.32,5.86,6.4,0,0.0
70.64,43.44,39.31,39.53,1.33,97,84,124,10,5.47,5.86,6.25,1,0.0
27.01,26.32,25.41,27.78,1.02,65,26,57,12,14.6,14.65,14.7,1,19.04
27.78,26.62,26.62,27.31,1.23,65,26,57,12,1.34,1.42,1.49,2,0.0
27.21,24.58,26.32,25.31,1.5,65,26,57,12,0.66,0.73,0.81,2,0.0
26.52,27.59,25.21,26.52,1.2,65,26,57,12,1.03,1.07,1.12,2,0.0
28.07,25.41,25.0,25.92,1.06,65,26,57,12,15.72,15.92,16.11,1,20.31
25.52,26.12,25.72,26.72,1.19,65,26,57,12,15.84,16.46,17.07,1,17.58
25.92,26.62,26.02,27.31,1.13,65,26,57,12,15.33,15.72,16.11,1,20.7
26.22,27.5,26.12,27.31,1.01,65,26,57,12,17.33,17.38,17.43,1,22.36
26.62,26.72,25.21,26.02,1.37,65,26,57,12,1.17,1.27,1.37,2,0.0
28.26,26.22,25.82,27.01,1.05,65,26,57,12,3.96,4.0,4.05,0,0.0
26.52,25.62,23.94,27.21,1.68,65,26,57,12,1.03,1.17,1.32,2,0.0
27.01,28.35,25.62,27.59,1.5,65,26,57,12,0.44,0.49,0.54,3,0.0
28.26,28.16,25.52,29.09,1.81,65,26,57,12,0.59,0.68,0.78,3,0.0
25.62,27.88,26.82,25.82,1.79,65,26,57,12,1.05,1.22,1.39,2,0.0
26.92,26.12,27.21,27.78,1.0,65,26,57,12,0.19,0.19,0.19,3,0.0
28.72,28.07,26.12,27.5,2.21,65,26,57,12,0.64,0.78,0.93,3,0.0
26.32,26.22,25.41,27.31,2.82,65,26,57,12,0.71,0.93,1.15,3,0.0
26.62,26.82,25.92,24.58,1.18,65,26,57,12,1.12,1.17,1.22,2,0.0
27.4,27.11,25.31,27.88,1.33,65,26,57,12,0.32,0.34,0.37,3,0.0
26.22,27.69,26.32,29.64,1.51,65,26,57,12,1.1,1.22,1.34,2,0.0
26.92,24.79,25.31,28.26,1.84,65,26,57,12,0.71,0.83,0.95,3,0.0
25.82,25.72,25.0,27.78,1.0,65,26,57,12,1.37,1.37,1.37,2,0.0
28.63,25.52,25.62,25.52,1.23,65,26,57,12,1.34,1.42,1.49,2,0.0
26.32,27.97,25.1,27.01,2.0,65,26,57,12,0.12,0.15,0.17,4,0.0
27.11,26.52,25.92,26.42,1.5,65,26,57,12,0.22,0.24,0.27,3,0.0
27.78,26.02,25.31,27.69,1.33,65,26,57,12,0.32,0.34,0.37,3,0.0
27.4,26.82,26.42,27.01,1.5,65,26,57,12,0.66,0.73,0.81,3,0.0
27.59,28.44,24.69,25.72,2.0,65,26,57,12,0.12,0.15,0.17,4,0.0
27.31,25.52,27.01,24.69,2.0,65,26,57,12,0.12,0.15,0.17,4,0.0
18.65,19.84,20.22,19.84,1.02,3,2,6,10,43.48,43.6,43.73,3,48.63
22.38,20.72,19.84,20.72,1.89,3,2,6,10,0.95,1.12,1.29,1,0.0
21.44,19.71,19.19,19.58,1.03,3,2,6,10,45.39,45.56,45.73,0,51.37
21.2,21.44,19.05,20.84,1.18,3,2,6,10,1.12,1.17,1.22,2,0.0
20.22,19.05,20.84,20.84,1.43,3,2,6,10,0.76,0.83,0.9,2,0.0
21.56,20.72,19.96,19.58,1.0,3,2,6,10,1.17,1.17,1.17,1,0.0
18.79,21.32,18.51,20.22,1.23,3,2,6,10,1.86,1.95,2.05,1,0.0
20.22,20.96,20.34,20.96,1.85,3,2,6,10,1.42,1.66,1.9,2,0.0
89.57,70.85,70.09,70.23,1.21,253,384,471,12,3.08,3.22,3.37,0,0.0
90.28,72.39,70.3,70.43,1.66,253,384,471,12,3.05,3.47,3.88,4,0.29
91.2,71.97,71.75,71.2,1.04,253,384,471,12,2.66,2.69,2.71,3,0.0
90.58,72.32,73.82,68.8,1.23,253,384,471,12,3.2,3.37,3.54,4,0.2
90.73,71.27,73.39,72.11,1.0,253,384,471,12,2.73,2.73,2.73,2,0.0
90.28,71.75,70.85,70.3,1.09,253,384,471,12,4.69,4.78,4.88,5,97.66
91.2,73.17,70.85,71.61,1.33,253,384,471,12,2.32,2.49,2.66,1,0.0
89.71,72.6,71.97,69.68,1.31,253,384,471,12,2.83,3.03,3.22,3,0.1
90.73,73.61,71.97,70.43,1.07,253,384,471,12,4.18,4.25,4.32,3,0.0
90.14,72.67,71.33,68.13,1.0,253,384,471,12,2.83,2.83,2.83,2,0.0
89.71,71.2,73.17,70.99,1.33,253,384,471,12,2.95,3.17,3.39,3,0.1
90.43,74.04,70.02,71.61,1.17,253,384,471,12,3.05,3.17,3.3,2,0.29
90.88,72.96,71.82,70.5,1.14,253,384,471,12,3.64,3.76,3.88,4,0.2
90.88,71.89,72.04,69.75,1.04,253,384,471,12,2.76,2.78,2.81,3,0.0
91.69,72.82,69.75,69.34,1.13,253,384,471,12,2.42,2.49,2.56,1,0.0
90.73,73.25,71.2,72.04,1.43,253,384,471,12,2.59,2.83,3.08,2,0.0
90.88,71.89,71.4,71.97,1.26,253,384,471,12,2.9,3.08,3.25,3,0.1
90.0,71.75,70.43,69.0,1.34,253,384,471,12,1.59,1.71,1.83,2,0.0
91.04,74.78,71.06,69.14,1.13,253,384,471,12,3.12,3.22,3.32,3,0.2
90.58,74.63,71.4,70.57,1.42,253,384,471,12,2.9,3.17,3.44,2,0.2
91.2,70.3,71.47,72.32,1.16,253,384,471,12,3.25,3.37,3.49,1,0.2
90.43,71.54,71.61,69.82,1.28,253,384,471,12,3.12,3.32,3.52,1,0.0
91.04,72.04,71.13,68.13,1.49,253,384,471,12,2.3,2.54,2.78,2,0.0
91.36,71.97,72.74,71.4,1.26,253,384,471,12,4.15,4.4,4.64,4,0.2
91.52,71.75,71.89,70.92,1.39,253,384,471,12,2.25,2.44,2.64,3,0.0
90.88,72.25,71.61,69.61,1.56,253,384,471,12,3.1,3.47,3.83,4,0.0
89.3,72.32,71.13,69.82,1.47,253,384,471,12,2.61,2.88,3.15,1,0.0
90.88,73.61,71.61,69.34,1.04,253,384,471,12,2.27,2.3,2.32,2,0.0
91.86,72.11,71.61,68.94,1.39,253,384,471,12,3.42,3.71,4.0,2,0.0
91.2,71.82,72.18,71.33,1.42,253,384,471,12,2.37,2.59,2.81,3,0.0
92.2,72.46,71.75,69.89,1.35,253,384,471,12,2.86,3.08,3.3,3,0.2
90.73,71.61,71.54,69.48,1.17,253,384,471,12,3.05,3.17,3.3,2,0.1
43.85,22.83,28.44,25.21,1.01,60,24,45,10,7.15,7.18,7.2,1,2.44
44.47,20.84,27.59,24.47,1.51,60,24,45,10,4.59,5.08,5.57,2,3.52
44.75,18.92,25.92,25.31,1.16,60,24,45,10,34.23,35.06,35.89,2,42.97
40.9,19.05,26.02,28.07,1.04,60,24,45,10,11.91,12.01,12.11,2,14.16
43.72,20.59,24.47,24.69,1.1,60,24,45,10,19.63,20.02,20.41,1,24.12
44.27,19.96,25.41,27.31,1.1,60,24,45,10,9.69,9.91,10.13,0,8.98
45.09,22.49,26.42,25.21,1.34,60,24,45,10,6.74,7.23,7.72,1,2.54
42.46,22.03,25.1,28.44,1.0,60,24,45,10,5.18,5.18,5.18,3,1.27
57.87,30.18,28.63,23.28,1.32,80,57,75,11,10.45,11.13,11.82,4,13.57
57.81,29.28,29.55,23.17,1.03,80,57,75,11,9.35,9.42,9.5,0,14.94
57.23,32.0,32.51,25.62,1.01,80,57,75,11,10.38,10.4,10.42,3,14.16
58.44,29.91,32.42,32.59,1.18,80,57,75,11,5.49,5.71,5.93,1,5.37
66.54,30.35,30.62,22.83,1.28,80,57,75,11,11.69,12.35,13.01,2,19.92
57.04,29.28,30.53,24.58,1.7,80,57,75,11,7.57,8.59,9.62,2,14.16
56.6,29.28,30.62,25.31,1.23,80,57,75,11,3.81,4.0,4.2,2,2.34
65.42,24.58,30.53,23.28,1.27,80,57,75,11,3.22,3.42,3.61,3,4.1
56.54,29.18,30.53,21.92,1.12,80,57,75,11,2.51,2.59,2.66,1,0.1
68.2,29.37,32.59,31.83,1.58,80,57,75,11,2.78,3.12,3.47,1,0.88
55.27,28.35,30.53,25.1,1.03,80,57,75,11,3.54,3.56,3.59,2,0.2
55.2,31.23,31.92,23.72,1.06,80,57,75,11,4.86,4.93,5.0,3,1.66
56.28,23.83,35.9,22.61,1.06,80,57,75,11,6.93,7.03,7.13,1,7.62
65.88,24.15,34.96,22.83,1.05,80,57,75,11,3.86,3.91,3.96,2,0.68
57.93,31.23,32.17,30.09,2.28,80,57,75,11,2.93,3.61,4.3,2,0.29
58.12,30.0,30.62,24.69,1.23,80,57,75,11,2.78,2.93,3.08,3,0.0
90.28,78.89,85.51,81.54,1.24,565,834,1053,12,2.69,2.83,2.98,2,0.0
90.58,80.32,84.78,82.73,1.6,565,834,1053,12,2.9,3.27,3.64,2,0.0
90.73,78.4,84.68,82.45,1.29,565,834,1053,12,3.03,3.22,3.42,3,0.0
90.14,80.75,84.37,81.27,1.0,565,834,1053,12,3.03,3.03,3.03,5,10.94
89.71,80.15,85.3,82.63,1.13,565,834,1053,12,2.32,2.39,2.47,3,0.0
89.71,79.72,85.94,81.19,1.83,565,834,1053,12,2.34,2.73,3.12,2,0.0
91.52,80.23,85.4,82.08,1.12,565,834,1053,12,3.61,3.71,3.81,2,0.0
90.14,79.89,85.72,83.1,1.28,565,834,1053,12,2.3,2.44,2.59,3,0.0
89.57,78.97,86.05,81.45,1.45,565,834,1053,12,3.03,3.32,3.61,0,0.0
88.52,80.15,85.4,83.58,1.04,565,834,1053,12,2.86,2.88,2.9,2,0.0
89.17,81.1,86.49,82.54,1.15,565,834,1053,12,3.44,3.56,3.69,4,0.0
88.52,80.49,84.47,82.73,1.28,565,834,1053,12,2.71,2.88,3.05,3,13.67
90.14,81.27,85.72,81.9,1.36,565,834,1053,12,3.08,3.32,3.56,2,0.0
90.43,81.27,83.98,81.01,1.16,565,834,1053,12,3.34,3.47,3.59,2,0.0
90.14,79.55,85.3,83.49,1.21,565,834,1053,12,3.59,3.76,3.93,4,52.05
91.04,78.97,86.27,83.1,1.21,565,834,1053,12,3.59,3.76,3.93,2,0.0
91.69,81.54,83.98,82.54,1.13,565,834,1053,12,3.32,3.42,3.52,1,0.0
90.58,79.3,85.94,81.54,1.19,565,834,1053,12,3.37,3.52,3.66,3,0.0
91.2,78.73,85.19,83.01,1.23,565,834,1053,12,4.22,4.44,4.66,4,0.0
90.58,79.89,85.19,81.81,1.26,565,834,1053,12,2.49,2.64,2.78,2,0.0
90.88,80.06,84.17,81.63,1.21,565,834,1053,12,2.98,3.12,3.27,1,11.43
88.64,80.06,85.09,81.9,1.18,565,834,1053,12,2.95,3.08,3.2,3,11.91
90.88,81.72,84.68,82.08,1.26,565,834,1053,12,2.9,3.08,3.25,2,0.0
89.57,80.49,86.27,84.27,1.22,565,834,1053,12,2.88,3.03,3.17,1,0.0
90.14,80.57,84.47,81.99,1.4,565,834,1053,12,3.32,3.61,3.91,3,0.0
90.58,81.1,84.68,83.68,1.09,565,834,1053,12,3.39,3.47,3.54,3,0.0
88.77,78.73,84.07,82.45,1.03,565,834,1053,12,3.34,3.37,3.39,4,0.0
89.44,79.89,84.78,83.88,1.06,565,834,1053,12,3.47,3.52,3.56,3,0.0
89.03,81.36,85.94,81.72,1.03,565,834,1053,12,3.64,3.66,3.69,1,0.0
90.73,79.98,85.09,81.01,1.13,565,834,1053,12,2.32,2.39,2.47,3,0.0
89.03,80.57,86.83,82.82,1.27,565,834,1053,12,1.98,2.1,2.22,1,0.0
89.03,80.4,83.88,82.92,1.0,565,834,1053,12,2.83,2.83,2.83,4,0.0
61.3,35.12,34.8,42.39,1.87,55,74,89,11,2.25,2.64,3.03,2,0.0
57.55,36.68,35.12,43.02,1.25,55,74,89,11,2.59,2.73,2.88,2,0.0
53.93,35.12,35.83,40.47,1.0,55,74,89,11,3.91,3.91,3.91,0,0.0
56.54,36.06,36.37,42.18,1.13,55,74,89,11,9.45,9.72,9.98,1,0.0
57.04,34.4,35.51,42.04,1.83,55,74,89,11,3.27,3.81,4.35,2,0.0
61.88,34.56,35.75,42.46,1.03,55,74,89,11,47.56,47.75,47.95,2,100.0
54.31,34.8,35.83,42.25,1.0,55,74,89,11,2.44,2.44,2.44,1,0.0
57.04,34.96,33.91,40.55,1.09,55,74,89,11,1.1,1.12,1.15,3,0.0
57.81,33.99,35.04,42.39,1.04,55,74,89,11,2.47,2.49,2.51,3,0.0
57.74,36.53,36.53,41.69,1.22,55,74,89,11,3.91,4.1,4.3,3,0.0
61.94,35.28,35.83,42.32,1.28,55,74,89,11,3.54,3.76,3.98,2,0.0
55.84,35.2,35.59,41.76,1.39,55,74,89,11,1.39,1.51,1.64,1,0.0
60.22,36.14,35.59,40.76,1.16,55,74,89,11,1.32,1.37,1.42,2,0.0
55.01,33.91,38.05,40.4,1.61,55,74,89,11,4.69,5.27,5.86,3,0.0
60.35,36.37,36.91,40.62,1.23,55,74,89,11,1.34,1.42,1.49,4,0.0
61.81,35.04,37.06,43.37,1.59,55,74,89,11,9.47,10.55,11.62,1,0.0
20.34,20.72,21.8,18.65,1.09,45,4,20,10,57.08,57.62,58.15,2,62.21
20.34,21.32,20.84,19.84,1.1,45,4,20,10,29.78,30.27,30.76,1,34.18
18.51,19.45,21.8,17.82,1.29,45,4,20,10,2.2,2.34,2.49,2,0.98
19.96,19.05,19.45,19.58,1.2,45,4,20,10,1.54,1.61,1.68,2,0.1
19.05,19.45,19.58,19.19,1.15,45,4,20,10,5.86,6.06,6.25,1,2.54
19.96,20.59,19.71,19.96,1.2,45,4,20,10,2.66,2.78,2.9,3,0.0
19.96,19.32,21.2,19.45,2.19,45,4,20,10,1.64,2.0,2.37,0,0.0
20.34,18.65,20.72,19.84,1.67,45,4,20,10,0.34,0.39,0.44,1,0.0
43.79,26.82,25.92,26.62,1.23,30,36,50,15,5.35,5.62,5.88,1,4.98
42.67,28.82,26.32,25.1,1.1,30,36,50,15,6.4,6.54,6.69,3,5.96
41.48,28.44,27.59,26.32,1.05,30,36,50,15,6.42,6.49,6.57,2,7.03
41.62,30.62,27.88,24.9,1.22,30,36,50,15,6.15,6.44,6.74,2,6.93
44.06,28.82,26.62,24.58,1.35,30,36,50,15,5.91,6.35,6.79,1,7.13
47.04,28.35,29.46,25.82,1.23,30,36,50,15,5.86,6.15,6.44,2,6.74
43.72,30.09,28.07,23.72,1.04,30,36,50,15,5.22,5.27,5.32,4,4.98
43.85,29.28,28.07,24.37,1.05,30,36,50,15,6.42,6.49,6.57,3,5.66
42.53,27.97,26.52,25.31,1.31,30,36,50,15,5.03,5.37,5.71,3,7.71
46.44,28.26,29.18,26.02,1.02,30,36,50,15,6.96,6.98,7.01,2,6.54
42.6,27.88,26.22,24.47,1.07,30,36,50,15,6.06,6.15,6.25,0,4.79
43.85,28.16,27.97,23.83,1.24,30,36,50,15,5.98,6.3,6.62,1,6.64
44.54,27.88,25.21,24.47,1.14,30,36,50,15,5.35,5.52,5.69,2,6.54
43.16,31.14,27.97,24.05,1.2,30,36,50,15,6.54,6.84,7.13,1,6.35
41.83,29.73,28.82,25.0,1.29,30,36,50,15,5.32,5.66,6.01,2,6.25
42.25,25.92,28.07,26.82,1.13,30,36,50,15,5.64,5.81,5.98,3,5.76
40.11,21.8,27.01,26.42,1.13,114,24,81,10,39.33,40.09,40.84,1,51.17
41.4,20.22,27.78,23.94,1.0,114,24,81,10,9.47,9.47,9.47,1,9.28
40.69,21.44,26.52,25.62,1.03,114,24,81,10,26.71,26.86,27.0,1,31.84
43.79,21.08,24.58,26.22,1.12,114,24,81,10,4.32,4.44,4.57,2,0.0
40.18,22.72,24.47,28.35,1.23,114,24,81,10,4.74,4.98,5.22,2,2.05
42.67,19.84,26.02,25.82,1.43,114,24,81,10,5.59,6.1,6.62,0,1.27
40.47,22.38,23.72,27.5,1.27,114,24,81,10,5.81,6.15,6.49,2,3.81
41.26,19.71,27.5,26.02,1.03,114,24,81,10,2.95,2.98,3.0,3,0.59
69.96,49.09,41.12,43.79,1.05,97,93,129,10,26.29,26.51,26.73,3,48.63
69.82,46.64,40.69,43.72,1.13,97,93,129,10,27.08,27.69,28.3,2,51.37
69.0,49.8,41.12,42.39,1.08,97,93,129,10,11.04,11.23,11.43,2,0.0
71.2,46.44,40.26,42.46,1.16,97,93,129,10,5.98,6.2,6.42,1,0.0
69.82,48.1,40.69,41.48,1.1,97,93,129,10,11.77,12.01,12.26,1,0.0
69.96,46.9,39.97,42.95,1.19,97,93,129,10,5.62,5.86,6.1,0,0.0
70.09,49.35,41.69,43.02,1.0,97,93,129,10,5.57,5.57,5.57,1,0.0
70.78,46.77,41.05,43.65,1.03,97,93,129,10,6.79,6.84,6.88,2,0.0
36.22,22.15,23.72,22.49,1.21,21,20,34,10,21.92,22.75,23.58,0,25.1
35.28,19.58,23.39,25.31,1.12,21,20,34,10,13.01,13.33,13.65,1,13.28
36.22,19.58,22.95,23.39,1.19,21,20,34,10,3.98,4.15,4.32,1,0.0
36.6,19.84,23.83,25.1,1.28,21,20,34,10,5.2,5.52,5.84,2,4.1
37.75,20.34,24.26,23.5,1.49,21,20,34,10,11.43,12.5,13.57,2,10.55
34.32,20.09,23.72,23.28,1.23,21,20,34,10,18.19,18.99,19.8,3,20.02
36.99,21.08,24.58,24.47,1.23,21,20,34,10,5.25,5.52,5.79,2,4.79
34.88,19.45,23.72,25.0,1.01,21,20,34,10,17.14,17.19,17.24,1,22.17
57.11,40.69,36.53,39.97,1.21,87,56,104,12,3.08,3.22,3.37,3,3.42
59.65,38.42,37.06,42.32,1.09,87,56,104,12,11.74,11.96,12.18,4,18.75
59.58,40.98,37.82,39.23,1.0,87,56,104,12,4.78,4.78,4.78,2,4.98
56.85,40.9,37.44,40.33,1.27,87,56,104,12,1.56,1.66,1.76,3,0.39
57.36,39.53,37.67,38.94,1.0,87,56,104,12,3.12,3.12,3.12,2,0.0
58.69,39.09,35.28,38.94,1.28,87,56,104,12,1.15,1.22,1.29,2,0.1
59.77,40.98,36.45,40.69,1.28,87,56,104,12,1.88,2.0,2.12,1,0.49
56.6,39.23,37.37,39.46,1.19,87,56,104,12,3.27,3.42,3.56,3,0.39
57.3,39.38,36.68,39.23,1.2,87,56,104,12,2.15,2.25,2.34,4,0.78
57.17,39.31,35.36,40.04,1.28,87,56,104,12,2.71,2.88,3.05,2,0.98
61.11,41.4,36.14,41.69,1.13,87,56,104,12,1.61,1.66,1.71,4,0.2
57.36,39.01,37.44,39.97,1.2,87,56,104,12,9.69,10.11,10.52,3,12.79
59.01,39.38,36.83,41.4,1.12,87,56,104,12,9.13,9.38,9.62,1,15.62
56.98,38.57,37.29,39.01,1.15,87,56,104,12,1.42,1.46,1.51,3,0.88
58.06,40.47,37.14,41.62,1.0,87,56,104,12,1.07,1.07,1.07,4,0.0
61.49,42.18,35.67,41.97,1.02,87,56,104,12,11.86,11.91,11.96,2,20.7
58.0,40.4,36.06,41.9,1.67,87,56,104,12,0.68,0.78,0.88,2,0.1
56.03,42.46,36.22,41.55,1.74,87,56,104,12,1.27,1.46,1.66,0,0.2
56.47,39.23,37.14,40.69,1.12,87,56,104,12,3.52,3.61,3.71,4,4.3
58.82,40.4,36.76,40.33,1.16,87,56,104,12,2.54,2.64,2.73,1,0.88
58.82,40.4,38.72,40.69,2.48,87,56,104,12,1.2,1.51,1.83,3,0.1
58.5,40.98,35.83,39.6,1.16,87,56,104,12,2.54,2.64,2.73,3,0.1
57.87,40.98,37.44,42.04,1.77,87,56,104,12,1.39,1.61,1.83,3,0.78
59.58,41.55,35.83,40.69,1.2,87,56,104,12,1.03,1.07,1.12,2,2.64
57.17,37.59,36.29,41.4,1.48,87,56,104,12,1.64,1.81,1.98,1,0.49
57.11,39.97,36.83,39.31,1.0,87,56,104,12,1.46,1.46,1.46,2,0.68
59.46,42.25,34.64,41.76,1.11,87,56,104,12,0.9,0.93,0.95,1,0.2
60.79,40.9,36.45,40.4,1.19,87,56,104,12,3.98,4.15,4.32,3,5.96
55.97,39.46,36.06,39.82,1.84,87,56,104,12,0.71,0.83,0.95,3,0.0
59.65,40.18,36.37,41.62,1.05,87,56,104,12,2.08,2.1,2.12,5,1.66
58.69,39.6,36.37,40.11,2.87,87,56,104,12,1.56,2.05,2.54,2,0.98
58.88,36.76,37.37,39.31,1.47,87,56,104,12,1.42,1.56,1.71,2,0.49
38.5,25.62,24.47,26.72,1.33,31,20,39,10,7.76,8.3,8.84,0,0.0
35.28,28.63,27.5,26.92,1.01,31,20,39,10,78.47,78.52,78.56,1,100.0
34.32,25.72,26.12,25.41,1.02,31,20,39,10,4.13,4.15,4.18,2,0.0
38.35,26.52,25.41,25.0,1.05,31,20,39,10,3.86,3.91,3.96,2,0.0
36.76,24.37,24.9,27.01,1.0,31,20,39,10,1.66,1.66,1.66,1,0.0
39.46,25.62,24.47,26.02,1.17,31,20,39,10,0.61,0.64,0.66,3,0.0
35.98,27.97,24.79,25.62,1.81,31,20,39,10,1.17,1.37,1.56,1,0.0
34.96,27.21,24.37,26.72,1.67,31,20,39,10,0.68,0.78,0.88,2,0.0
26.72,25.1,26.52,27.31,1.03,75,26,34,12,4.03,4.05,4.08,2,0.1
26.12,24.9,27.11,26.22,1.03,75,26,34,12,3.64,3.66,3.69,3,0.0
28.82,26.02,25.52,26.42,1.01,75,26,34,12,60.4,60.45,60.5,3,90.82
25.62,25.82,26.32,24.69,1.28,75,26,34,12,2.71,2.88,3.05,2,0.0
27.11,25.1,26.52,25.21,1.0,75,26,34,12,8.89,8.89,8.89,2,8.98
29.28,27.31,27.69,25.52,1.11,75,26,34,12,4.61,4.74,4.86,4,0.0
26.22,27.5,25.82,25.82,1.0,75,26,34,12,0.29,0.29,0.29,3,0.0
26.42,26.02,27.69,26.72,1.1,75,26,34,12,3.0,3.08,3.15,1,0.0
27.88,25.52,26.22,28.44,1.28,75,26,34,12,2.71,2.88,3.05,2,0.0
25.82,26.72,26.32,25.21,2.0,75,26,34,12,0.12,0.15,0.17,1,0.0
26.92,25.72,26.92,26.92,0.0,75,26,34,12,0.0,0.0,0.0,2,0.0
27.31,24.26,27.69,26.02,1.43,75,26,34,12,2.05,2.25,2.44,4,0.0
26.02,26.82,27.01,29.18,1.25,75,26,34,12,0.42,0.44,0.46,5,0.0
25.82,26.52,27.59,27.01,0.0,75,26,34,12,0.0,0.0,0.0,2,0.0
27.5,27.11,26.22,26.12,1.4,75,26,34,12,0.54,0.59,0.64,3,0.0
28.35,26.32,25.52,28.16,1.08,75,26,34,12,1.29,1.32,1.34,3,0.0
25.92,25.21,26.52,26.12,1.22,75,26,34,12,0.93,0.98,1.03,3,0.0
25.82,26.72,25.1,26.62,1.12,75,26,34,12,1.71,1.76,1.81,4,0.0
26.72,26.12,28.72,24.05,1.0,75,26,34,12,0.1,0.1,0.1,2,0.0
27.21,26.12,27.21,26.02,1.14,75,26,34,12,0.71,0.73,0.76,1,0.0
26.22,26.82,27.69,26.42,3.52,75,26,34,12,0.32,0.44,0.56,1,0.0
25.82,24.15,28.35,26.92,4.01,75,26,34,12,0.17,0.24,0.32,4,0.0
29.64,24.37,26.12,27.5,3.01,75,26,34,12,0.15,0.19,0.24,3,0.0
25.31,26.92,27.01,25.82,1.43,75,26,34,12,0.76,0.83,0.9,3,0.1
27.21,24.9,25.31,23.28,0.0,75,26,34,12,0.0,0.0,0.0,3,0.0
28.82,27.69,27.5,27.5,2.0,75,26,34,12,0.24,0.29,0.34,2,0.0
28.44,27.69,27.97,24.69,1.0,75,26,34,12,0.1,0.1,0.1,4,0.0
27.4,26.32,27.01,27.97,3.01,75,26,34,12,0.15,0.19,0.24,0,0.0
27.4,23.61,27.31,27.97,3.01,75,26,34,12,0.15,0.19,0.24,2,0.0
42.04,21.08,27.31,28.26,1.15,60,27,48,10,12.6,12.99,13.38,3,12.6
42.46,20.09,24.79,25.31,1.05,60,27,48,10,15.19,15.33,15.48,1,18.16
38.2,19.96,27.31,23.61,1.23,60,27,48,10,5.66,5.96,6.25,2,1.07
42.88,20.84,26.82,26.92,1.09,60,27,48,10,15.53,15.82,16.11,1,18.65
43.16,19.71,25.0,25.72,1.07,60,27,48,10,9.03,9.18,9.33,2,6.25
44.75,19.58,24.9,24.69,1.29,60,27,48,10,19.29,20.31,21.34,1,25.29
44.4,21.8,26.62,25.31,1.25,60,27,48,10,8.15,8.59,9.03,2,9.86
44.06,22.15,23.94,23.28,1.14,60,27,48,10,9.57,9.86,10.16,0,8.11
33.67,24.58,24.37,23.06,1.06,40,12,43,10,23.29,23.54,23.78,1,26.76
32.42,22.38,26.02,23.72,1.0,40,12,43,10,23.14,23.14,23.14,1,26.95
34.96,22.72,21.44,23.17,1.13,40,12,43,10,8.25,8.5,8.74,2,8.89
34.8,20.84,24.05,22.15,1.03,40,12,43,10,22.58,22.7,22.83,2,22.36
33.09,23.61,22.03,24.69,1.47,40,12,43,10,4.44,4.88,5.32,0,1.17
33.26,26.12,22.61,24.69,1.03,40,12,43,10,7.96,8.01,8.06,1,6.25
34.32,25.0,24.37,23.17,1.16,40,12,43,10,8.3,8.59,8.89,3,6.93
33.99,22.15,22.83,23.94,1.24,40,12,43,10,2.17,2.3,2.42,2,0.68
57.62,29.91,33.18,32.17,1.2,188,57,147,11,10.3,10.74,11.18,2,17.77
55.77,22.72,30.71,32.76,1.2,188,57,147,11,8.47,8.84,9.2,2,17.38
53.67,29.37,31.4,21.68,1.3,188,57,147,11,4.4,4.69,4.98,1,1.37
66.28,29.46,33.09,24.05,1.04,188,57,147,11,7.2,7.28,7.35,3,5.47
60.09,32.59,32.68,23.28,1.06,188,57,147,11,4.86,4.93,5.0,3,3.03
58.0,30.35,32.26,31.06,1.04,188,57,147,11,17.82,17.97,18.12,2,28.22
56.47,25.92,38.12,32.34,1.4,188,57,147,11,1.93,2.1,2.27,0,0.29
55.08,23.28,32.26,24.47,1.03,188,57,147,11,3.34,3.37,3.39,1,1.07
54.82,25.0,33.18,24.37,1.28,188,57,147,11,4.27,4.54,4.81,4,1.27
55.65,30.62,32.09,24.37,1.02,188,57,147,11,5.3,5.32,5.35,2,4.49
55.01,28.82,35.36,22.95,1.52,188,57,147,11,2.42,2.69,2.95,1,0.29
57.55,24.47,36.68,24.58,1.08,188,57,147,11,11.72,11.91,12.11,3,13.48
56.16,31.23,35.2,23.61,1.29,188,57,147,11,1.46,1.56,1.66,2,0.0
65.62,24.15,31.83,22.61,1.9,188,57,147,11,2.61,3.08,3.54,3,1.07
64.38,23.39,34.8,24.37,1.05,188,57,147,11,5.93,6.01,6.08,2,3.12
65.49,30.62,32.93,25.0,1.06,188,57,147,11,3.17,3.22,3.27,1,1.66
80.92,48.36,50.84,52.65,1.0,120,144,153,17,0.19,0.19,0.19,5,0.0
80.75,48.36,52.2,51.88,1.06,120,144,153,17,1.68,1.71,1.73,6,1.76
81.72,47.83,51.17,49.93,1.25,120,144,153,17,0.83,0.88,0.93,8,0.0
82.36,50.58,51.23,49.8,2.0,120,144,153,17,0.12,0.15,0.17,5,0.0
83.39,37.22,49.87,49.54,0.0,120,144,153,17,0.0,0.0,0.0,4,0.0
78.97,47.04,50.78,48.89,1.0,120,144,153,17,0.19,0.19,0.19,3,0.0
81.72,48.82,50.0,50.2,4.01,120,144,153,17,0.17,0.24,0.32,3,0.0
82.17,45.63,51.23,50.2,1.0,120,144,153,17,0.1,0.1,0.1,5,0.0
80.15,48.17,52.39,50.78,1.26,120,144,153,17,2.08,2.2,2.32,6,2.73
81.36,36.14,51.88,50.46,1.16,120,144,153,17,2.54,2.64,2.73,2,0.39
81.1,48.63,51.23,48.49,1.1,120,144,153,17,3.1,3.17,3.25,2,0.59
82.26,46.5,50.58,48.3,1.1,120,144,153,17,2.0,2.05,2.1,2,0.2
82.73,53.8,52.65,48.43,1.15,120,144,153,17,2.83,2.93,3.03,4,5.57
80.75,51.1,51.81,50.97,1.41,120,144,153,17,1.61,1.76,1.9,6,1.17
80.83,57.49,50.65,50.0,1.1,120,144,153,17,4.4,4.49,4.59,4,8.89
78.81,38.12,52.39,51.55,1.23,120,144,153,17,1.86,1.95,2.05,6,3.52
80.32,44.4,50.84,51.17,2.02,120,144,153,17,1.46,1.76,2.05,2,0.1
80.23,37.52,51.3,50.26,1.18,120,144,153,17,2.86,2.98,3.1,4,6.64
79.47,54.82,52.07,50.78,4.01,120,144,153,17,0.17,0.24,0.32,3,0.0
82.73,45.15,51.62,51.75,1.09,120,144,153,17,2.39,2.44,2.49,6,2.54
81.45,49.41,52.33,50.71,2.0,120,144,153,17,0.12,0.15,0.17,7,0.0
80.57,45.29,53.61,50.65,1.33,120,144,153,17,2.95,3.17,3.39,4,7.42
79.72,47.1,50.71,48.49,1.0,120,144,153,17,0.1,0.1,0.1,7,0.0
82.73,57.23,52.13,49.09,3.01,120,144,153,17,0.15,0.19,0.24,5,0.0
80.4,48.95,51.55,48.95,1.0,120,144,153,17,0.29,0.29,0.29,5,0.0
80.06,41.83,51.75,49.54,1.71,120,144,153,17,1.83,2.1,2.37,6,2.15
81.19,47.17,53.48,49.74,1.0,120,144,153,17,0.19,0.19,0.19,3,0.0
80.75,36.68,50.26,49.87,2.0,120,144,153,17,0.12,0.15,0.17,3,0.0
82.54,56.03,52.65,49.87,1.0,120,144,153,17,0.29,0.29,0.29,5,0.0
80.23,36.29,52.52,50.97,1.12,120,144,153,17,1.71,1.76,1.81,0,0.2
81.9,46.57,53.35,48.56,1.0,120,144,153,17,2.05,2.05,2.05,6,3.81
80.49,37.75,50.07,50.91,1.0,120,144,153,17,0.1,0.1,0.1,5,0.0
79.81,37.82,52.97,52.01,1.0,120,144,153,17,0.1,0.1,0.1,7,0.0
79.98,44.54,52.01,49.74,1.25,120,144,153,17,0.83,0.88,0.93,10,0.29
81.36,47.3,51.68,48.03,2.0,120,144,153,17,0.12,0.15,0.17,7,0.0
80.15,47.77,52.84,49.48,1.09,120,144,153,17,2.39,2.44,2.49,6,2.15
81.36,49.61,51.1,51.36,1.0,120,144,153,17,0.19,0.19,0.19,7,0.0
81.1,47.97,53.93,48.95,2.0,120,144,153,17,0.12,0.15,0.17,5,0.0
79.39,47.97,53.93,48.56,1.5,120,144,153,17,0.22,0.24,0.27,5,0.0
81.36,37.82,51.04,50.33,0.0,120,144,153,17,0.0,0.0,0.0,7,0.0
80.15,58.06,53.03,49.74,1.11,120,144,153,17,0.9,0.93,0.95,8,0.0
80.57,57.17,52.26,50.65,2.0,120,144,153,17,0.12,0.15,0.17,5,0.0
80.23,36.14,53.23,48.49,1.04,120,144,153,17,2.66,2.69,2.71,4,5.96
79.14,48.03,52.65,50.65,1.42,120,144,153,17,2.37,2.59,2.81,6,2.34
81.19,38.2,53.67,49.09,1.0,120,144,153,17,0.39,0.39,0.39,5,0.0
80.66,38.57,51.94,49.74,1.07,120,144,153,17,2.98,3.03,3.08,4,5.27
81.54,42.74,53.35,50.39,1.15,120,144,153,17,3.54,3.66,3.78,4,7.03
81.1,47.37,51.94,51.1,1.0,120,144,153,17,0.19,0.19,0.19,7,0.0
81.81,47.1,50.52,49.35,1.25,120,144,153,17,3.83,4.05,4.27,4,8.4
79.98,46.77,50.58,48.43,2.0,120,144,153,17,0.12,0.15,0.17,5,0.0
80.75,55.71,50.58,46.97,1.67,120,144,153,17,0.34,0.39,0.44,5,0.0
79.47,56.47,53.61,50.2,1.21,120,144,153,17,3.08,3.22,3.37,4,9.08
79.89,44.2,52.26,50.65,1.0,120,144,153,17,0.19,0.19,0.19,3,0.0
82.73,48.63,51.62,50.33,1.0,120,144,153,17,0.1,0.1,0.1,5,0.0
79.89,49.02,50.07,48.89,1.15,120,144,153,17,3.44,3.56,3.69,4,9.28
80.57,36.37,51.3,50.0,1.0,120,144,153,17,0.29,0.29,0.29,7,0.0
81.45,49.41,52.71,50.0,1.36,120,144,153,17,1.49,1.61,1.73,2,0.1
82.17,36.06,52.33,50.26,1.11,120,144,153,17,0.9,0.93,0.95,8,0.29
80.66,50.0,54.18,51.04,1.0,120,144,153,17,0.39,0.39,0.39,3,0.0
79.39,43.72,52.07,48.56,2.0,120,144,153,17,0.24,0.29,0.34,3,0.0
81.27,52.84,52.07,51.81,1.0,120,144,153,17,0.19,0.19,0.19,5,0.0
80.49,44.06,52.71,50.46,1.0,120,144,153,17,0.29,0.29,0.29,5,0.0
81.72,36.37,52.71,49.8,1.34,120,144,153,17,0.95,1.03,1.1,8,0.0
80.32,43.65,51.94,49.15,4.01,120,144,153,17,0.17,0.24,0.32,5,0.0
79.89,47.64,51.17,49.67,0.0,120,144,153,17,0.0,0.0,0.0,4,0.0
82.08,51.88,51.3,48.82,1.5,120,144,153,17,0.22,0.24,0.27,5,0.0
79.98,44.13,52.84,51.1,3.01,120,144,153,17,0.15,0.19,0.24,7,0.0
80.49,48.49,51.1,49.35,1.0,120,144,153,17,0.1,0.1,0.1,5,0.0
81.1,52.97,51.62,49.8,1.0,120,144,153,17,0.1,0.1,0.1,3,0.0
80.83,49.8,54.44,48.76,1.19,120,144,153,17,2.25,2.34,2.44,6,2.05
81.36,56.41,53.42,49.02,2.0,120,144,153,17,0.12,0.15,0.17,3,0.0
79.89,48.63,50.52,50.65,3.01,120,144,153,17,0.15,0.19,0.24,3,0.0
80.06,49.67,49.41,50.33,2.0,120,144,153,17,0.12,0.15,0.17,7,0.0
81.63,51.62,51.55,49.09,3.01,120,144,153,17,0.15,0.19,0.24,3,0.0
82.36,47.57,52.13,50.39,1.5,120,144,153,17,0.22,0.24,0.27,5,0.0
81.45,49.54,50.84,49.93,1.5,120,144,153,17,0.22,0.24,0.27,5,0.0
81.45,43.65,49.93,50.84,1.0,120,144,153,17,0.1,0.1,0.1,5,0.0
80.66,53.48,52.58,51.49,2.0,120,144,153,17,0.12,0.15,0.17,5,0.0
80.66,43.09,52.65,48.76,1.0,120,144,153,17,0.1,0.1,0.1,5,0.0
80.06,35.04,51.23,50.71,1.0,120,144,153,17,0.19,0.19,0.19,7,0.0
81.45,47.5,50.58,48.63,3.01,120,144,153,17,0.15,0.19,0.24,5,0.0
80.32,48.23,50.58,50.52,1.29,120,144,153,17,0.73,0.78,0.83,8,0.1
82.73,47.44,51.23,50.33,1.0,120,144,153,17,0.19,0.19,0.19,5,0.0
80.66,36.14,51.81,51.68,1.0,120,144,153,17,0.29,0.29,0.29,5,0.0
79.81,57.04,50.71,49.67,1.0,120,144,153,17,0.29,0.29,0.29,7,0.0
81.45,44.4,52.13,50.78,1.0,120,144,153,17,0.1,0.1,0.1,7,0.0
81.01,56.41,51.68,50.0,0.0,120,144,153,17,0.0,0.0,0.0,2,0.0
83.39,43.65,52.2,49.35,1.5,120,144,153,17,0.22,0.24,0.27,3,0.0
80.15,47.44,53.8,50.2,1.0,120,144,153,17,0.1,0.1,0.1,9,0.0
80.83,49.09,51.04,50.65,0.0,120,144,153,17,0.0,0.0,0.0,6,0.0
82.92,42.6,51.94,49.09,2.0,120,144,153,17,0.12,0.15,0.17,3,0.0
81.63,48.82,52.71,47.1,1.0,120,144,153,17,0.1,0.1,0.1,1,0.0
82.26,36.29,52.01,49.61,1.0,120,144,153,17,0.1,0.1,0.1,3,0.0
82.26,47.57,53.1,51.17,1.5,120,144,153,17,0.22,0.24,0.27,7,0.0
80.23,44.13,53.03,48.49,1.0,120,144,153,17,0.1,0.1,0.1,7,0.0
82.08,47.57,53.35,50.58,1.0,120,144,153,17,0.1,0.1,0.1,7,0.0
80.32,47.5,50.97,49.87,1.0,120,144,153,17,0.19,0.19,0.19,5,0.0
80.75,34.64,52.46,50.26,1.0,120,144,153,17,0.19,0.19,0.19,3,0.0
81.1,43.85,52.26,47.9,0.0,120,144,153,17,0.0,0.0,0.0,5,0.0
79.81,50.84,53.35,51.17,1.0,120,144,153,17,0.1,0.1,0.1,5,0.0
80.4,42.81,51.17,50.52,0.0,120,144,153,17,0.0,0.0,0.0,9,0.0
81.54,45.29,51.36,49.09,1.33,120,144,153,17,0.32,0.34,0.37,5,0.0
81.01,45.15,50.33,51.55,2.0,120,144,153,17,0.12,0.15,0.17,1,0.0
81.01,42.88,53.74,50.39,1.5,120,144,153,17,0.22,0.24,0.27,7,0.0
81.45,49.41,54.18,49.87,0.0,120,144,153,17,0.0,0.0,0.0,6,0.0
79.47,47.1,51.36,50.2,1.0,120,144,153,17,0.29,0.29,0.29,5,0.0
81.72,44.95,51.94,49.15,1.0,120,144,153,17,0.1,0.1,0.1,7,0.0
80.06,47.5,53.16,49.74,0.0,120,144,153,17,0.0,0.0,0.0,4,0.0
81.19,54.12,51.36,52.07,1.0,120,144,153,17,0.1,0.1,0.1,7,0.0
81.45,36.76,50.26,50.2,1.5,120,144,153,17,0.22,0.24,0.27,5,0.0
82.54,43.92,52.26,52.58,1.0,120,144,153,17,0.29,0.29,0.29,7,0.0
80.4,49.02,51.1,48.89,1.0,120,144,153,17,0.29,0.29,0.29,5,0.0
78.49,49.93,52.33,49.61,1.0,120,144,153,17,0.19,0.19,0.19,5,0.0
80.32,55.46,52.26,49.74,0.0,120,144,153,17,0.0,0.0,0.0,6,0.0
80.06,36.14,49.87,49.8,1.0,120,144,153,17,0.1,0.1,0.1,5,0.0
81.1,46.9,51.55,47.57,3.01,120,144,153,17,0.15,0.19,0.24,3,0.0
81.01,45.02,51.23,50.71,1.0,120,144,153,17,0.19,0.19,0.19,5,0.0
81.1,37.52,49.54,51.43,1.0,120,144,153,17,0.19,0.19,0.19,3,0.0
81.19,45.97,52.78,49.02,1.0,120,144,153,17,0.1,0.1,0.1,3,0.0
81.54,50.26,51.68,48.89,0.0,120,144,153,17,0.0,0.0,0.0,4,0.0
79.98,34.4,51.43,49.61,1.0,120,144,153,17,0.1,0.1,0.1,5,0.0
81.9,37.75,51.43,50.07,3.01,120,144,153,17,0.15,0.19,0.24,5,0.0
81.54,53.03,51.94,49.87,4.01,120,144,153,17,0.17,0.24,0.32,3,0.0
81.81,54.76,53.48,50.07,1.0,120,144,153,17,0.1,0.1,0.1,1,0.0
81.81,54.37,53.1,50.39,1.5,120,144,153,17,0.22,0.24,0.27,3,0.0
79.3,53.23,53.42,48.56,0.0,120,144,153,17,0.0,0.0,0.0,9,0.0
81.36,50.13,50.46,51.04,2.0,120,144,153,17,0.12,0.15,0.17,5,0.0
80.92,36.37,52.13,49.41,1.0,120,144,153,17,0.1,0.1,0.1,7,0.0
80.15,49.15,50.65,49.87,1.0,120,144,153,17,0.19,0.19,0.19,3,0.0
82.73,48.03,53.42,50.91,0.0,120,144,153,17,0.0,0.0,0.0,9,0.0
82.45,55.27,52.58,48.17,0.0,120,144,153,17,0.0,0.0,0.0,4,0.0
80.57,35.28,51.62,51.17,0.0,120,144,153,17,0.0,0.0,0.0,6,0.0
81.54,45.63,51.23,50.26,0.0,120,144,153,17,0.0,0.0,0.0,5,0.0
80.49,54.18,52.65,48.95,1.5,120,144,153,17,0.22,0.24,0.27,5,0.0
82.36,46.77,51.68,50.52,0.0,120,144,153,17,0.0,0.0,0.0,6,0.0
82.63,54.95,53.23,49.8,0.0,120,144,153,17,0.0,0.0,0.0,6,0.0
83.78,50.0,50.58,48.23,1.0,120,144,153,17,0.1,0.1,0.1,1,0.0
81.99,46.5,52.13,51.04,3.01,120,144,153,17,0.15,0.19,0.24,5,0.0
80.06,48.17,52.84,48.3,0.0,120,144,153,17,0.0,0.0,0.0,6,0.0
82.54,43.16,52.52,49.22,0.0,120,144,153,17,0.0,0.0,0.0,4,0.0
80.15,41.69,53.23,49.41,0.0,120,144,153,17,0.0,0.0,0.0,7,0.0
81.72,45.22,52.26,48.89,0.0,120,144,153,17,0.0,0.0,0.0,9,0.0
82.45,57.23,50.26,48.49,0.0,120,144,153,17,0.0,0.0,0.0,4,0.0
81.81,57.36,52.52,49.67,1.0,120,144,153,17,0.1,0.1,0.1,3,0.0
80.32,47.9,52.07,50.26,2.0,120,144,153,17,0.12,0.15,0.17,5,0.0
84.17,36.83,52.07,51.3,0.0,120,144,153,17,0.0,0.0,0.0,4,0.0
81.1,50.97,50.07,49.41,2.0,120,144,153,17,0.12,0.15,0.17,3,0.0
81.45,47.3,51.1,48.17,0.0,120,144,153,17,0.0,0.0,0.0,2,0.0
81.72,35.28,51.81,53.03,0.0,120,144,153,17,0.0,0.0,0.0,4,0.0
81.19,34.4,50.0,49.09,1.0,120,144,153,17,0.1,0.1,0.1,5,0.0
82.54,35.2,52.13,49.48,2.0,120,144,153,17,0.12,0.15,0.17,3,0.0
80.4,47.7,51.43,48.3,0.0,120,144,153,17,0.0,0.0,0.0,5,0.0
80.83,35.2,50.71,52.13,1.0,120,144,153,17,0.1,0.1,0.1,7,0.0
79.98,56.92,52.39,50.26,0.0,120,144,153,17,0.0,0.0,0.0,8,0.0
79.64,46.84,52.2,49.09,1.0,120,144,153,17,0.39,0.39,0.39,5,0.0
77.45,55.27,51.3,50.13,1.0,120,144,153,17,0.1,0.1,0.1,5,0.0
80.23,47.17,53.86,50.13,0.0,120,144,153,17,0.0,0.0,0.0,2,0.0
79.55,47.17,51.49,51.36,1.0,120,144,153,17,0.19,0.19,0.19,1,0.0
81.9,49.61,52.2,49.87,0.0,120,144,153,17,0.0,0.0,0.0,3,0.0
80.75,47.7,54.88,46.03,0.0,120,144,153,17,0.0,0.0,0.0,6,0.0
81.9,57.42,53.42,50.13,1.0,120,144,153,17,0.1,0.1,0.1,3,0.0
80.92,36.76,51.94,46.97,0.0,120,144,153,17,0.0,0.0,0.0,6,0.0
80.4,47.24,52.46,49.48,1.0,120,144,153,17,0.19,0.19,0.19,7,0.0
80.4,36.76,53.74,51.88,1.0,120,144,153,17,0.1,0.1,0.1,7,0.0
81.72,54.12,52.9,48.43,0.0,120,144,153,17,0.0,0.0,0.0,6,0.0
79.72,36.91,50.33,48.56,0.0,120,144,153,17,0.0,0.0,0.0,6,0.0
24.37,23.72,24.47,23.17,1.02,49,12,43,11,20.39,20.46,20.53,1,22.85
22.49,23.94,23.5,23.94,1.09,49,12,43,11,19.38,19.73,20.07,1,25.78
24.15,23.5,24.26,23.17,1.79,49,12,43,11,1.51,1.76,2.0,2,0.0
23.72,24.26,25.21,26.82,1.16,49,12,43,11,1.32,1.37,1.42,2,0.0
24.37,23.72,23.39,23.06,1.03,49,12,43,11,20.04,20.17,20.29,1,26.27
23.28,23.39,23.83,22.61,1.16,49,12,43,11,19.46,20.07,20.68,1,25.1
21.68,22.83,22.15,24.9,1.24,49,12,43,11,1.76,1.86,1.95,2,0.0
23.61,22.72,22.49,24.37,1.29,49,12,43,11,1.46,1.56,1.66,2,0.0
23.83,23.28,22.38,22.49,1.37,49,12,43,11,3.3,3.56,3.83,0,0.0
24.05,23.61,23.83,22.38,1.22,49,12,43,11,1.44,1.51,1.59,2,0.0
24.69,22.83,23.94,23.39,2.34,49,12,43,11,0.39,0.49,0.59,3,0.0
24.69,22.38,24.79,23.72,1.5,49,12,43,11,0.44,0.49,0.54,3,0.0
24.79,24.58,23.5,23.83,1.39,49,12,43,11,1.39,1.51,1.64,2,0.0
22.61,24.9,25.62,22.15,1.0,49,12,43,11,0.29,0.29,0.29,3,0.0
23.28,24.69,23.39,23.72,1.17,49,12,43,11,0.61,0.64,0.66,3,0.0
85.62,64.77,63.42,62.64,1.18,234,282,379,11,3.56,3.71,3.86,1,0.0
85.09,65.36,63.61,63.03,1.62,234,282,379,11,5.25,5.91,6.57,2,0.0
86.38,65.75,64.58,64.25,1.25,234,282,379,11,5.69,6.01,6.32,1,0.0
84.98,64.51,64.64,64.13,1.18,234,282,379,11,6.2,6.44,6.69,3,11.91
86.27,66.14,63.8,62.9,1.01,234,282,379,11,7.64,7.67,7.69,4,10.94
88.01,67.0,63.29,65.16,1.32,234,282,379,11,6.81,7.28,7.74,1,11.43
86.38,65.75,64.64,60.54,1.18,234,282,379,11,6.1,6.35,6.59,3,0.0
86.94,67.0,66.21,63.29,1.06,234,282,379,11,5.35,5.42,5.49,2,0.0
84.58,66.47,67.2,64.58,1.12,234,282,379,11,6.32,6.49,6.66,2,13.67
85.51,66.08,65.29,61.17,1.12,234,282,379,11,9.03,9.28,9.52,3,52.05
84.58,67.46,64.38,64.71,1.3,234,282,379,11,5.64,6.01,6.37,2,0.0
86.49,66.01,63.93,62.84,1.44,234,282,379,11,4.42,4.83,5.25,1,0.0
84.47,65.82,61.88,63.22,1.3,234,282,379,11,5.54,5.91,6.27,2,0.0
85.72,63.35,63.54,63.54,1.09,234,282,379,11,4.88,4.98,5.08,0,0.0
85.83,67.13,65.36,61.62,1.05,234,282,379,11,5.84,5.91,5.98,3,0.0
87.29,66.8,62.97,61.36,1.03,234,282,379,11,6.01,6.06,6.1,2,0.0
23.72,22.72,24.15,24.05,1.13,60,18,30,11,74.88,75.44,76.0,2,100.0
19.84,22.95,21.8,21.92,1.08,60,18,30,11,1.2,1.22,1.24,2,0.0
23.39,23.5,23.17,23.61,1.09,60,18,30,11,2.39,2.44,2.49,1,0.0
23.28,22.38,22.49,24.26,1.12,60,18,30,11,4.32,4.44,4.57,3,0.0
23.5,25.1,24.26,23.28,1.11,60,18,30,11,1.9,1.95,2.0,2,0.0
25.21,22.38,22.38,25.0,1.27,60,18,30,11,3.22,3.42,3.61,3,0.0
25.31,23.39,25.62,22.49,1.0,60,18,30,11,1.86,1.86,1.86,1,0.0
24.58,21.92,21.8,24.15,1.2,60,18,30,11,1.03,1.07,1.12,0,0.0
22.38,22.26,24.15,22.38,1.29,60,18,30,11,2.61,2.78,2.95,1,0.0
23.72,22.61,22.95,22.95,2.02,60,18,30,11,0.98,1.17,1.37,3,0.0
23.17,22.03,23.06,23.39,4.01,60,18,30,11,0.17,0.24,0.32,1,0.0
21.92,22.49,24.79,25.21,3.01,60,18,30,11,0.15,0.19,0.24,2,0.0
23.83,23.61,26.32,24.37,3.36,60,18,30,11,0.46,0.64,0.81,2,0.0
24.47,21.44,22.72,23.17,2.51,60,18,30,11,0.27,0.34,0.42,2,0.0
23.5,23.5,22.83,24.26,1.5,60,18,30,11,0.66,0.73,0.81,4,0.0
23.5,23.28,23.28,26.12,1.0,60,18,30,11,0.49,0.49,0.49,3,0.0
31.49,23.72,25.82,24.05,1.0,36,10,26,11,5.66,5.66,5.66,3,5.96
31.75,24.15,23.28,23.5,1.11,36,10,26,11,6.62,6.79,6.96,1,7.13
34.08,23.72,24.37,23.61,1.02,36,10,26,11,6.37,6.4,6.42,1,4.98
30.0,24.9,26.22,24.15,1.04,36,10,26,11,7.3,7.37,7.45,2,6.54
30.71,23.28,24.26,22.15,1.27,36,10,26,11,6.23,6.59,6.96,1,6.64
30.88,24.37,23.28,23.17,1.23,36,10,26,11,5.66,5.96,6.25,2,7.03
29.82,23.17,22.95,23.28,1.16,36,10,26,11,6.18,6.4,6.62,2,6.54
29.64,22.61,22.26,23.83,1.09,36,10,26,11,6.18,6.3,6.42,2,6.74
36.22,23.94,23.83,23.5,1.1,36,10,26,11,6.79,6.93,7.08,3,7.71
31.66,23.61,25.41,23.06,1.09,36,10,26,11,5.88,6.01,6.13,0,4.79
31.49,23.28,23.39,24.58,1.41,36,10,26,11,5.98,6.49,7.01,3,5.76
31.49,23.39,22.72,25.31,1.09,36,10,26,11,6.27,6.4,6.52,3,5.66
30.18,25.72,23.28,22.83,1.05,36,10,26,11,6.81,6.88,6.96,1,6.35
33.09,24.15,22.38,23.5,1.16,36,10,26,11,6.18,6.4,6.62,2,6.25
34.8,23.61,21.92,24.79,1.11,36,10,26,11,5.81,5.96,6.1,2,6.93
30.53,23.61,22.49,23.39,1.02,36,10,26,11,5.88,5.91,5.93,4,4.98
45.22,29.18,26.52,29.64,1.04,62,21,65,11,17.63,17.77,17.92,2,21.39
48.49,28.72,27.88,30.71,1.3,62,21,65,11,19.34,20.41,21.48,3,26.86
45.09,30.53,27.5,30.88,1.08,62,21,65,11,17.38,17.68,17.97,4,19.34
47.77,27.4,27.5,31.92,1.14,62,21,65,11,2.22,2.3,2.37,0,0.68
44.68,28.44,27.21,29.64,1.36,62,21,65,11,2.44,2.64,2.83,3,0.2
45.9,30.18,28.72,28.91,1.15,62,21,65,11,19.41,19.97,20.53,1,24.51
48.49,29.46,27.59,29.18,1.0,62,21,65,11,3.22,3.22,3.22,3,1.37
44.47,29.55,28.63,30.18,1.3,62,21,65,11,1.05,1.12,1.2,1,0.2
45.76,30.35,28.07,30.53,1.43,62,21,65,11,2.59,2.83,3.08,2,0.68
45.15,30.09,27.97,30.53,1.27,62,21,65,11,2.39,2.54,2.69,1,0.49
45.43,29.37,28.16,29.64,1.29,62,21,65,11,1.46,1.56,1.66,1,0.59
43.79,30.44,27.88,30.88,1.16,62,21,65,11,3.25,3.37,3.49,3,0.68
44.06,27.4,28.26,29.73,1.11,62,21,65,11,0.9,0.93,0.95,2,0.39
49.41,29.09,27.4,29.46,1.31,62,21,65,11,3.15,3.37,3.59,2,0.2
48.3,29.64,27.69,30.18,1.07,62,21,65,11,3.08,3.12,3.17,2,0.59
48.63,30.18,27.97,30.0,1.14,62,21,65,11,2.22,2.3,2.37,2,1.86
18.65,20.72,20.72,19.96,1.0,33,4,28,10,30.4,30.42,30.44,1,37.7
19.32,19.84,19.96,20.09,1.09,33,4,28,10,29.96,30.42,30.88,1,30.18
19.05,21.08,19.96,19.71,1.39,33,4,28,10,1.39,1.51,1.64,2,0.0
19.71,19.58,18.92,21.2,1.02,33,4,28,10,29.4,29.49,29.59,1,32.13
21.32,21.56,19.32,21.68,1.25,33,4,28,10,2.59,2.73,2.88,0,0.0
20.84,20.09,21.68,22.49,1.3,33,4,28,10,2.51,2.69,2.86,2,0.0
20.96,19.19,19.32,19.96,1.97,33,4,28,10,1.93,2.3,2.66,2,0.0
20.47,19.84,21.44,21.56,1.33,33,4,28,10,0.32,0.34,0.37,3,0.0
51.1,27.59,34.32,33.5,1.39,63,33,62,13,2.56,2.78,3.0,4,0.1
52.52,29.37,35.28,30.97,1.06,63,33,62,13,18.19,18.41,18.63,2,30.96
54.18,34.56,33.01,30.09,1.22,63,33,62,13,18.53,19.29,20.04,2,25.59
48.49,35.12,32.59,30.09,0.0,63,33,62,13,0.0,0.0,0.0,2,0.0
50.97,30.44,34.24,32.17,1.13,63,33,62,13,2.42,2.49,2.56,6,0.0
48.89,35.36,34.72,33.34,1.1,63,33,62,13,1.0,1.03,1.05,1,0.0
49.87,34.4,34.88,33.5,2.0,63,33,62,13,0.24,0.29,0.34,5,0.0
52.33,29.64,29.91,31.57,1.03,63,33,62,13,6.4,6.44,6.49,0,2.34
48.43,30.44,30.09,29.18,5.55,63,33,62,13,0.42,0.64,0.85,3,0.0
52.97,29.73,31.14,33.34,1.09,63,33,62,13,25.02,25.44,25.85,2,38.28
52.97,35.98,34.72,28.44,1.0,63,33,62,13,0.19,0.19,0.19,5,0.0
52.26,28.91,28.07,30.18,1.45,63,33,62,13,0.98,1.07,1.17,3,0.0
53.16,34.48,29.37,35.59,1.17,63,33,62,13,1.22,1.27,1.32,1,0.0
50.58,34.16,29.37,34.56,1.2,63,33,62,13,4.3,4.49,4.69,4,1.46
49.22,29.91,28.26,32.93,2.01,63,33,62,13,0.49,0.59,0.68,1,0.0
51.62,36.29,33.83,27.4,1.34,63,33,62,13,0.95,1.03,1.1,3,0.0
50.58,36.53,35.28,34.56,1.2,63,33,62,13,1.03,1.07,1.12,3,0.0
51.1,35.98,30.09,29.0,0.0,63,33,62,13,0.0,0.0,0.0,2,0.0
50.26,34.96,34.64,30.27,1.38,63,33,62,13,0.85,0.93,1.0,3,0.0
52.2,38.35,34.32,33.91,1.14,63,33,62,13,0.71,0.73,0.76,3,0.0
49.8,34.8,34.24,33.99,1.34,63,33,62,13,0.64,0.68,0.73,1,0.0
51.3,30.88,33.99,30.71,1.04,63,33,62,13,4.83,4.88,4.93,4,1.27
49.74,31.32,31.23,32.42,1.0,63,33,62,13,0.1,0.1,0.1,5,0.0
51.68,30.35,36.29,34.72,1.25,63,33,62,13,0.42,0.44,0.46,5,0.0
53.03,35.9,34.16,32.17,1.25,63,33,62,13,0.42,0.44,0.46,3,0.0
51.81,27.88,35.12,32.26,1.29,63,33,62,13,0.73,0.78,0.83,3,0.0
51.49,37.29,34.24,30.97,1.0,63,33,62,13,0.29,0.29,0.29,5,0.0
53.48,34.4,35.43,34.08,1.58,63,33,62,13,0.78,0.88,0.98,1,0.0
49.28,34.56,32.76,29.09,2.77,63,33,62,13,0.56,0.73,0.9,3,0.0
46.44,36.29,35.51,33.67,2.51,63,33,62,13,0.27,0.34,0.42,3,0.0
52.07,28.54,33.26,28.91,1.84,63,33,62,13,0.71,0.83,0.95,3,0.0
54.12,38.57,36.06,34.48,3.02,63,33,62,13,0.59,0.78,0.98,3,0.0
48.69,36.6,33.59,28.44,1.0,63,33,62,13,0.1,0.1,0.1,2,0.0
52.07,36.14,29.82,28.26,1.5,63,33,62,13,0.22,0.24,0.27,5,0.0
50.39,33.99,35.67,28.82,1.5,63,33,62,13,0.66,0.73,0.81,1,0.0
47.57,37.29,32.0,34.64,0.0,63,33,62,13,0.0,0.0,0.0,4,0.0
52.84,36.76,28.16,29.37,1.0,63,33,62,13,0.1,0.1,0.1,2,0.0
54.12,28.63,32.93,34.96,1.0,63,33,62,13,0.1,0.1,0.1,2,0.0
37.59,25.72,28.26,25.31,1.13,45,20,33,12,3.12,3.22,3.32,3,2.64
34.8,26.62,25.1,27.4,1.07,45,20,33,12,2.78,2.83,2.88,2,2.54
39.46,23.94,25.41,26.72,1.24,45,20,33,12,2.69,2.83,2.98,3,2.64
32.26,27.5,25.41,27.01,1.12,45,20,33,12,3.52,3.61,3.71,5,2.54
38.57,25.52,26.32,27.11,1.48,45,20,33,12,3.05,3.37,3.69,2,3.32
42.39,26.32,24.9,26.12,1.04,45,20,33,12,2.76,2.78,2.81,3,3.42
38.35,27.31,26.22,27.21,1.07,45,20,33,12,2.78,2.83,2.88,4,3.22
39.46,27.21,27.21,24.9,1.07,45,20,33,12,3.08,3.12,3.17,2,3.91
38.94,27.88,26.32,25.72,1.16,45,20,33,12,2.54,2.64,2.73,2,3.81
37.82,26.52,28.07,26.02,1.08,45,20,33,12,3.78,3.86,3.93,4,2.44
39.01,25.72,27.59,27.97,1.4,45,20,33,12,3.32,3.61,3.91,0,1.86
35.36,26.52,23.94,26.92,1.18,45,20,33,12,2.86,2.98,3.1,4,3.12
39.01,25.92,24.79,27.11,1.32,45,20,33,12,3.05,3.27,3.49,3,2.83
39.16,26.02,24.26,25.82,1.68,45,20,33,12,2.95,3.37,3.78,2,3.61
36.76,25.52,25.72,25.72,1.1,45,20,33,12,3.2,3.27,3.34,3,3.61
38.57,25.52,27.78,24.79,2.31,45,20,33,12,2.56,3.17,3.78,3,4.2
38.72,25.62,25.82,26.82,1.36,45,20,33,12,2.44,2.64,2.83,4,3.52
36.45,27.11,26.72,26.42,1.03,45,20,33,12,3.74,3.76,3.78,1,2.83
38.5,26.72,26.02,26.42,1.32,45,20,33,12,3.47,3.71,3.96,4,2.34
36.68,27.4,25.62,26.22,1.26,45,20,33,12,2.9,3.08,3.25,3,3.32
38.79,25.62,26.82,25.21,1.5,45,20,33,12,2.95,3.27,3.59,2,3.03
37.44,25.82,26.22,28.63,1.04,45,20,33,12,2.76,2.78,2.81,2,2.64
36.83,27.5,24.26,25.82,1.15,45,20,33,12,3.44,3.56,3.69,1,2.93
38.64,26.62,23.06,25.92,1.03,45,20,33,12,3.05,3.08,3.1,3,3.61
35.83,27.4,24.9,26.82,1.22,45,20,33,12,2.88,3.03,3.17,1,3.32
36.83,27.4,26.62,26.32,1.17,45,20,33,12,3.15,3.27,3.39,1,3.52
37.37,27.21,26.52,24.9,1.43,45,20,33,12,2.59,2.83,3.08,3,2.73
38.57,25.62,25.62,26.42,1.62,45,20,33,12,3.03,3.42,3.81,2,3.91
37.52,25.52,26.42,25.21,1.03,45,20,33,12,3.64,3.66,3.69,2,3.12
37.37,26.72,27.31,27.78,1.47,45,20,33,12,3.37,3.71,4.05,1,2.44
38.79,27.01,24.69,27.5,1.17,45,20,33,12,2.44,2.54,2.64,3,3.61
36.45,26.82,27.78,25.82,1.1,45,20,33,12,3.0,3.08,3.15,2,3.42
17.39,14.57,16.19,14.04,1.1,15,5,12,9,90.43,90.62,90.82,2,100.0
16.65,16.04,15.72,14.91,1.61,15,5,12,9,2.69,3.03,3.37,1,0.0
17.1,16.8,18.92,14.91,1.59,15,5,12,9,4.22,4.74,5.25,1,0.0
20.09,15.4,17.1,16.95,1.28,15,5,12,9,1.15,1.22,1.29,0,0.0
35.04,23.83,25.21,22.49,1.0,27,22,28,11,0.19,0.19,0.19,2,0.0
33.5,23.39,21.8,22.49,1.17,27,22,28,11,69.65,70.46,71.26,4,100.0
34.32,24.37,26.02,22.03,1.35,27,22,28,11,5.18,5.57,5.96,3,0.0
30.0,22.15,23.06,21.08,1.13,27,22,28,11,0.81,0.83,0.85,1,0.0
27.59,24.15,23.61,21.8,1.89,27,22,28,11,1.78,2.1,2.42,0,0.0
32.42,24.05,24.26,22.26,1.03,27,22,28,11,3.74,3.76,3.78,3,0.0
28.82,25.1,23.28,20.96,1.11,27,22,28,11,0.9,0.93,0.95,2,0.0
30.71,22.83,23.72,21.32,1.06,27,22,28,11,1.59,1.61,1.64,2,0.0
32.42,25.72,21.56,21.8,2.02,27,22,28,11,1.22,1.46,1.71,2,0.0
30.35,27.01,23.5,20.96,1.1,27,22,28,11,2.1,2.15,2.2,1,0.0
28.35,25.21,23.17,23.39,1.07,27,22,28,11,2.98,3.03,3.08,3,0.0
33.01,24.79,23.5,21.32,1.33,27,22,28,11,4.74,5.08,5.42,3,0.0
30.71,22.26,23.5,23.06,1.67,27,22,28,11,0.34,0.39,0.44,1,0.0
29.73,24.15,22.03,21.32,1.0,27,22,28,11,0.49,0.49,0.49,2,0.0
28.16,23.06,24.47,21.92,4.01,27,22,28,11,0.17,0.24,0.32,2,0.0
49.02,29.09,26.52,27.97,1.14,37,30,49,10,33.45,34.18,34.91,1,41.89
44.34,28.91,28.26,27.88,1.18,37,30,49,10,4.18,4.35,4.52,1,1.76
44.34,27.11,29.0,28.63,1.07,37,30,49,10,30.44,30.81,31.18,2,43.55
42.32,28.72,29.18,29.46,1.29,37,30,49,10,5.0,5.32,5.64,3,1.86
42.81,29.09,28.07,31.14,1.24,37,30,49,10,5.47,5.76,6.06,1,1.17
44.47,28.44,26.52,29.91,1.02,37,30,49,10,6.08,6.1,6.13,0,0.78
44.2,28.07,29.46,27.59,1.18,37,30,49,10,6.81,7.08,7.35,2,4.2
42.39,28.35,26.92,29.73,1.03,37,30,49,10,6.3,6.35,6.4,2,4.79
